checked_at,date,tournament_id,tournament_name,city,protocol_id,category,protocol_url,local_cache_path,cache_before,downloaded,http_status,status,matched_terms,error,context,sqlite_import_status
2026-06-02T16:21:11,2025-09-13,2025091300,Список категорий фестиваля | NEW DANCE LEAGUE OPEN CHAMPIONSHIPS (Москва) | 13.09.25,Москва,72863,Ювеналы-1 N Соло Ж St,https://compreg.ru/resultsdata/2025/09/1300/72863.php,data/cache/protocols/2025/09/1300/72863.php,yes,no,,checked_no_match,,,,
2026-06-02T16:21:12,2025-09-13,2025091300,Список категорий фестиваля | NEW DANCE LEAGUE OPEN CHAMPIONSHIPS (Москва) | 13.09.25,Москва,72867,Ювеналы-1+2 N Соло Ж St,https://compreg.ru/resultsdata/2025/09/1300/72867.php,data/cache/protocols/2025/09/1300/72867.php,yes,no,,checked_no_match,,,,
2026-06-02T17:09:54,2025-09-13,2025091300,NEW DANCE LEAGUE OPEN CHAMPIONSHIPS (Москва),Москва,72871,Ювеналы-1+2 N+E Соло Ж St,https://compreg.ru/resultsdata/2025/09/1300/72871.php,data/cache/protocols/2025/09/1300/72871.php,no,yes,200,checked_no_match,,,,
2026-06-02T17:09:54,2025-09-13,2025091300,NEW DANCE LEAGUE OPEN CHAMPIONSHIPS (Москва),Москва,72883,Ювеналы-1+2 E+D Соло Ж St,https://compreg.ru/resultsdata/2025/09/1300/72883.php,data/cache/protocols/2025/09/1300/72883.php,no,yes,200,checked_no_match,,,,
2026-06-02T17:09:54,2025-09-13,2025091300,NEW DANCE LEAGUE OPEN CHAMPIONSHIPS (Москва),Москва,72895,EADC Ювеналы-1 Соло Ж St,https://compreg.ru/resultsdata/2025/09/1300/72895.php,data/cache/protocols/2025/09/1300/72895.php,no,yes,200,checked_no_match,,,,
2026-06-02T17:09:54,2025-09-13,2025091300,NEW DANCE LEAGUE OPEN CHAMPIONSHIPS (Москва),Москва,72864,Ювеналы-1 N Соло Ж La,https://compreg.ru/resultsdata/2025/09/1300/72864.php,data/cache/protocols/2025/09/1300/72864.php,no,yes,200,checked_no_match,,,,
2026-06-02T17:09:54,2025-09-13,2025091300,NEW DANCE LEAGUE OPEN CHAMPIONSHIPS (Москва),Москва,72868,Ювеналы-1+2 N Соло Ж La,https://compreg.ru/resultsdata/2025/09/1300/72868.php,data/cache/protocols/2025/09/1300/72868.php,no,yes,200,checked_no_match,,,,
2026-06-02T17:09:54,2025-09-13,2025091300,NEW DANCE LEAGUE OPEN CHAMPIONSHIPS (Москва),Москва,72874,Ювеналы-1+2 N+E Соло Ж La,https://compreg.ru/resultsdata/2025/09/1300/72874.php,data/cache/protocols/2025/09/1300/72874.php,no,yes,200,checked_no_match,,,,
2026-06-02T17:09:54,2025-09-13,2025091300,NEW DANCE LEAGUE OPEN CHAMPIONSHIPS (Москва),Москва,72886,Ювеналы-1+2 E+D Соло Ж La,https://compreg.ru/resultsdata/2025/09/1300/72886.php,data/cache/protocols/2025/09/1300/72886.php,no,yes,200,checked_no_match,,,,
2026-06-02T17:09:54,2025-09-13,2025091300,NEW DANCE LEAGUE OPEN CHAMPIONSHIPS (Москва),Москва,72896,EADC Ювеналы-1 Соло Ж La,https://compreg.ru/resultsdata/2025/09/1300/72896.php,data/cache/protocols/2025/09/1300/72896.php,no,yes,200,checked_no_match,,,,
2026-06-02T16:21:12,2025-10-04,2025100401,Список категорий фестиваля | Premium Cup-2025 (Москва) | 04.10.25,Москва,73138,Ювеналы-1 N Соло Ж St,https://compreg.ru/resultsdata/2025/10/0401/73138.php,data/cache/protocols/2025/10/0401/73138.php,yes,no,,checked_no_match,,,,
2026-06-02T16:21:12,2025-10-04,2025100401,Список категорий фестиваля | Premium Cup-2025 (Москва) | 04.10.25,Москва,73142,Ювеналы-1+2 N Соло Ж St,https://compreg.ru/resultsdata/2025/10/0401/73142.php,data/cache/protocols/2025/10/0401/73142.php,yes,no,,checked_no_match,,,,
2026-06-02T17:09:55,2025-10-04,2025100401,Premium Cup-2025 (Москва),Москва,73144,Ювеналы-1 N+E Соло Ж St,https://compreg.ru/resultsdata/2025/10/0401/73144.php,data/cache/protocols/2025/10/0401/73144.php,no,yes,200,checked_no_match,,,,
2026-06-02T17:09:55,2025-10-04,2025100401,Premium Cup-2025 (Москва),Москва,73156,Ювеналы-1+2 E Соло Ж St,https://compreg.ru/resultsdata/2025/10/0401/73156.php,data/cache/protocols/2025/10/0401/73156.php,no,yes,200,checked_no_match,,,,
2026-06-02T17:09:55,2025-10-04,2025100401,Premium Cup-2025 (Москва),Москва,73139,Ювеналы-1 N Соло Ж La,https://compreg.ru/resultsdata/2025/10/0401/73139.php,data/cache/protocols/2025/10/0401/73139.php,no,yes,200,checked_no_match,,,,
2026-06-02T17:09:55,2025-10-04,2025100401,Premium Cup-2025 (Москва),Москва,73143,Ювеналы-1+2 N Соло Ж La,https://compreg.ru/resultsdata/2025/10/0401/73143.php,data/cache/protocols/2025/10/0401/73143.php,no,yes,200,checked_no_match,,,,
2026-06-02T17:09:55,2025-10-04,2025100401,Premium Cup-2025 (Москва),Москва,73147,Ювеналы-1 N+E Соло Ж La,https://compreg.ru/resultsdata/2025/10/0401/73147.php,data/cache/protocols/2025/10/0401/73147.php,no,yes,200,checked_no_match,,,,
2026-06-02T17:09:55,2025-10-04,2025100401,Premium Cup-2025 (Москва),Москва,73157,Ювеналы-1+2 E Соло Ж La,https://compreg.ru/resultsdata/2025/10/0401/73157.php,data/cache/protocols/2025/10/0401/73157.php,no,yes,200,checked_no_match,,,,
2026-06-02T16:21:12,2025-10-05,2025100502,Список категорий фестиваля | Кубок Эстетики 2025 (Москва) | 05.10.25,Москва,73345,Ювеналы-1 N+E Соло Ж St,https://compreg.ru/resultsdata/2025/10/0502/73345.php,data/cache/protocols/2025/10/0502/73345.php,yes,no,,checked_no_match,,,,
2026-06-02T16:21:12,2025-10-05,2025100502,Список категорий фестиваля | Кубок Эстетики 2025 (Москва) | 05.10.25,Москва,73351,Ювеналы-1+2 N+E Соло Ж St,https://compreg.ru/resultsdata/2025/10/0502/73351.php,data/cache/protocols/2025/10/0502/73351.php,yes,no,,checked_no_match,,,,
2026-06-02T17:09:55,2025-10-05,2025100502,Кубок Эстетики 2025 (Москва),Москва,73360,Ювеналы-1+2 E+D Соло Ж St,https://compreg.ru/resultsdata/2025/10/0502/73360.php,data/cache/protocols/2025/10/0502/73360.php,no,yes,200,checked_no_match,,,,
2026-06-02T17:09:55,2025-10-05,2025100502,Кубок Эстетики 2025 (Москва),Москва,73383,Ювеналы-1 N+E Соло Ж La,https://compreg.ru/resultsdata/2025/10/0502/73383.php,data/cache/protocols/2025/10/0502/73383.php,no,yes,200,checked_no_match,,,,
2026-06-02T17:09:55,2025-10-05,2025100502,Кубок Эстетики 2025 (Москва),Москва,73388,Ювеналы-1+2 N+E Соло Ж La,https://compreg.ru/resultsdata/2025/10/0502/73388.php,data/cache/protocols/2025/10/0502/73388.php,no,yes,200,checked_no_match,,,,
2026-06-02T17:09:56,2025-10-05,2025100502,Кубок Эстетики 2025 (Москва),Москва,73397,Ювеналы-1+2 E+D Соло Ж La,https://compreg.ru/resultsdata/2025/10/0502/73397.php,data/cache/protocols/2025/10/0502/73397.php,no,yes,200,checked_no_match,,,,
2026-06-02T16:21:12,2025-10-11,2025101100,Список категорий фестиваля | Dance Legend 2025 (Москва) | 11.10.25,Москва,73548,Ювеналы-1 N Соло Ж St,https://compreg.ru/resultsdata/2025/10/1100/73548.php,data/cache/protocols/2025/10/1100/73548.php,yes,no,,checked_no_match,,,,
2026-06-02T16:21:12,2025-10-11,2025101100,Список категорий фестиваля | Dance Legend 2025 (Москва) | 11.10.25,Москва,73564,Ювеналы-1+2 N Соло Ж St,https://compreg.ru/resultsdata/2025/10/1100/73564.php,data/cache/protocols/2025/10/1100/73564.php,yes,no,,checked_no_match,,,,
2026-06-02T17:09:56,2025-10-12,2025101100,Dance Legend 2025 (Москва),Москва,73550,Ювеналы-1 N+E Соло Ж St,https://compreg.ru/resultsdata/2025/10/1100/73550.php,data/cache/protocols/2025/10/1100/73550.php,no,yes,200,checked_no_match,,,,
2026-06-02T17:09:56,2025-10-12,2025101100,Dance Legend 2025 (Москва),Москва,73566,Ювеналы-1+2 E Соло Ж St,https://compreg.ru/resultsdata/2025/10/1100/73566.php,data/cache/protocols/2025/10/1100/73566.php,no,yes,200,checked_no_match,,,,
2026-06-02T17:09:56,2025-10-12,2025101100,Dance Legend 2025 (Москва),Москва,73568,Ювеналы-1+2 E+D Соло Ж St,https://compreg.ru/resultsdata/2025/10/1100/73568.php,data/cache/protocols/2025/10/1100/73568.php,no,yes,200,checked_no_match,,,,
2026-06-02T17:09:56,2025-10-12,2025101100,Dance Legend 2025 (Москва),Москва,73549,Ювеналы-1 N Соло Ж La,https://compreg.ru/resultsdata/2025/10/1100/73549.php,data/cache/protocols/2025/10/1100/73549.php,no,yes,200,checked_no_match,,,,
2026-06-02T17:09:56,2025-10-12,2025101100,Dance Legend 2025 (Москва),Москва,73565,Ювеналы-1+2 N Соло Ж La,https://compreg.ru/resultsdata/2025/10/1100/73565.php,data/cache/protocols/2025/10/1100/73565.php,no,yes,200,checked_no_match,,,,
2026-06-02T17:09:56,2025-10-12,2025101100,Dance Legend 2025 (Москва),Москва,73553,Ювеналы-1 N+E Соло Ж La,https://compreg.ru/resultsdata/2025/10/1100/73553.php,data/cache/protocols/2025/10/1100/73553.php,no,yes,200,checked_no_match,,,,
2026-06-02T17:09:56,2025-10-12,2025101100,Dance Legend 2025 (Москва),Москва,73567,Ювеналы-1+2 E Соло Ж La,https://compreg.ru/resultsdata/2025/10/1100/73567.php,data/cache/protocols/2025/10/1100/73567.php,no,yes,200,checked_no_match,,,,
2026-06-02T17:09:57,2025-10-12,2025101100,Dance Legend 2025 (Москва),Москва,73571,Ювеналы-1+2 E+D Соло Ж La,https://compreg.ru/resultsdata/2025/10/1100/73571.php,data/cache/protocols/2025/10/1100/73571.php,no,yes,200,checked_no_match,,,,
2026-06-02T16:21:12,2025-10-18,2025101800,Список категорий фестиваля | КУБОК КАРНАВАЛА 2025 (Москва) | 18.10.25,Москва,73693,Ювеналы-1 N Соло Ж St,https://compreg.ru/resultsdata/2025/10/1800/73693.php,data/cache/protocols/2025/10/1800/73693.php,yes,no,,checked_no_match,,,,
2026-06-02T16:21:12,2025-10-18,2025101800,Список категорий фестиваля | КУБОК КАРНАВАЛА 2025 (Москва) | 18.10.25,Москва,73709,Ювеналы-1+2 N Соло Ж St,https://compreg.ru/resultsdata/2025/10/1800/73709.php,data/cache/protocols/2025/10/1800/73709.php,yes,no,,checked_no_match,,,,
2026-06-02T17:09:57,2025-10-19,2025101800,КУБОК КАРНАВАЛА 2025 (Москва),Москва,73695,Ювеналы-1 N+E Соло Ж St,https://compreg.ru/resultsdata/2025/10/1800/73695.php,data/cache/protocols/2025/10/1800/73695.php,no,yes,200,checked_no_match,,,,
2026-06-02T17:09:57,2025-10-19,2025101800,КУБОК КАРНАВАЛА 2025 (Москва),Москва,73711,Ювеналы-1+2 E Соло Ж St,https://compreg.ru/resultsdata/2025/10/1800/73711.php,data/cache/protocols/2025/10/1800/73711.php,no,yes,200,checked_no_match,,,,
2026-06-02T17:09:57,2025-10-19,2025101800,КУБОК КАРНАВАЛА 2025 (Москва),Москва,73713,Ювеналы-1+2 E+D Соло Ж St,https://compreg.ru/resultsdata/2025/10/1800/73713.php,data/cache/protocols/2025/10/1800/73713.php,no,yes,200,checked_no_match,,,,
2026-06-02T17:09:57,2025-10-19,2025101800,КУБОК КАРНАВАЛА 2025 (Москва),Москва,73694,Ювеналы-1 N Соло Ж La,https://compreg.ru/resultsdata/2025/10/1800/73694.php,data/cache/protocols/2025/10/1800/73694.php,no,yes,200,checked_no_match,,,,
2026-06-02T17:09:57,2025-10-19,2025101800,КУБОК КАРНАВАЛА 2025 (Москва),Москва,73710,Ювеналы-1+2 N Соло Ж La,https://compreg.ru/resultsdata/2025/10/1800/73710.php,data/cache/protocols/2025/10/1800/73710.php,no,yes,200,checked_no_match,,,,
2026-06-02T17:09:57,2025-10-19,2025101800,КУБОК КАРНАВАЛА 2025 (Москва),Москва,73698,Ювеналы-1 N+E Соло Ж La,https://compreg.ru/resultsdata/2025/10/1800/73698.php,data/cache/protocols/2025/10/1800/73698.php,no,yes,200,checked_no_match,,,,
2026-06-02T17:09:57,2025-10-19,2025101800,КУБОК КАРНАВАЛА 2025 (Москва),Москва,73712,Ювеналы-1+2 E Соло Ж La,https://compreg.ru/resultsdata/2025/10/1800/73712.php,data/cache/protocols/2025/10/1800/73712.php,no,yes,200,checked_no_match,,,,
2026-06-02T17:09:58,2025-10-19,2025101800,КУБОК КАРНАВАЛА 2025 (Москва),Москва,73716,Ювеналы-1+2 E+D Соло Ж La,https://compreg.ru/resultsdata/2025/10/1800/73716.php,data/cache/protocols/2025/10/1800/73716.php,no,yes,200,checked_no_match,,,,
2026-06-02T16:21:12,2025-10-19,2025101901,Список категорий фестиваля | Record Dance Cup 2025 (Москва) | 19.10.25,Москва,73882,Ювеналы-1 N Соло Ж St,https://compreg.ru/resultsdata/2025/10/1901/73882.php,data/cache/protocols/2025/10/1901/73882.php,yes,no,,checked_no_match,,,,
2026-06-02T17:09:58,2025-10-19,2025101901,Record Dance Cup 2025 (Москва),Москва,73885,Ювеналы-1 N+E Соло Ж St,https://compreg.ru/resultsdata/2025/10/1901/73885.php,data/cache/protocols/2025/10/1901/73885.php,no,yes,200,checked_no_match,,,,
2026-06-02T17:09:58,2025-10-19,2025101901,Record Dance Cup 2025 (Москва),Москва,73907,Ювеналы-1 E+D Соло Ж St,https://compreg.ru/resultsdata/2025/10/1901/73907.php,data/cache/protocols/2025/10/1901/73907.php,no,yes,200,checked_no_match,,,,
2026-06-02T17:09:58,2025-10-19,2025101901,Record Dance Cup 2025 (Москва),Москва,73895,Ювеналы-1 N Соло Ж La,https://compreg.ru/resultsdata/2025/10/1901/73895.php,data/cache/protocols/2025/10/1901/73895.php,no,yes,200,checked_no_match,,,,
2026-06-02T17:09:58,2025-10-19,2025101901,Record Dance Cup 2025 (Москва),Москва,73898,Ювеналы-1 N+E Соло Ж La,https://compreg.ru/resultsdata/2025/10/1901/73898.php,data/cache/protocols/2025/10/1901/73898.php,no,yes,200,checked_no_match,,,,
2026-06-02T17:09:58,2025-10-19,2025101901,Record Dance Cup 2025 (Москва),Москва,73923,Ювеналы-1 E+D Соло Ж La,https://compreg.ru/resultsdata/2025/10/1901/73923.php,data/cache/protocols/2025/10/1901/73923.php,no,yes,200,checked_no_match,,,,
2026-06-02T16:21:12,2025-10-26,2025102600,Список категорий фестиваля | DANCEGROUP CUP 2025 (Москва) | 26.10.25,Москва,74013,Ювеналы-1 N Соло Ж St,https://compreg.ru/resultsdata/2025/10/2600/74013.php,data/cache/protocols/2025/10/2600/74013.php,yes,no,,checked_no_match,,,,
2026-06-02T16:21:12,2025-10-26,2025102600,Список категорий фестиваля | DANCEGROUP CUP 2025 (Москва) | 26.10.25,Москва,74017,Ювеналы-1+2 N Соло Ж St,https://compreg.ru/resultsdata/2025/10/2600/74017.php,data/cache/protocols/2025/10/2600/74017.php,yes,no,,checked_no_match,,,,
2026-06-02T17:09:58,2025-10-26,2025102600,DANCEGROUP CUP 2025 (Москва),Москва,74019,Ювеналы-1+2 N+E Соло Ж St,https://compreg.ru/resultsdata/2025/10/2600/74019.php,data/cache/protocols/2025/10/2600/74019.php,no,yes,200,checked_no_match,,,,
2026-06-02T17:09:58,2025-10-26,2025102600,DANCEGROUP CUP 2025 (Москва),Москва,74035,Ювеналы-1+2 E+D Соло Ж St,https://compreg.ru/resultsdata/2025/10/2600/74035.php,data/cache/protocols/2025/10/2600/74035.php,no,yes,200,checked_no_match,,,,
2026-06-02T17:09:58,2025-10-26,2025102600,DANCEGROUP CUP 2025 (Москва),Москва,74077,EADC Ювеналы-1 Соло Ж St,https://compreg.ru/resultsdata/2025/10/2600/74077.php,data/cache/protocols/2025/10/2600/74077.php,no,yes,200,checked_no_match,,,,
2026-06-02T17:09:59,2025-10-26,2025102600,DANCEGROUP CUP 2025 (Москва),Москва,74014,Ювеналы-1 N Соло Ж La,https://compreg.ru/resultsdata/2025/10/2600/74014.php,data/cache/protocols/2025/10/2600/74014.php,no,yes,200,checked_no_match,,,,
2026-06-02T17:09:59,2025-10-26,2025102600,DANCEGROUP CUP 2025 (Москва),Москва,74018,Ювеналы-1+2 N Соло Ж La,https://compreg.ru/resultsdata/2025/10/2600/74018.php,data/cache/protocols/2025/10/2600/74018.php,no,yes,200,checked_no_match,,,,
2026-06-02T17:09:59,2025-10-26,2025102600,DANCEGROUP CUP 2025 (Москва),Москва,74022,Ювеналы-1+2 N+E Соло Ж La,https://compreg.ru/resultsdata/2025/10/2600/74022.php,data/cache/protocols/2025/10/2600/74022.php,no,yes,200,checked_no_match,,,,
2026-06-02T17:09:59,2025-10-26,2025102600,DANCEGROUP CUP 2025 (Москва),Москва,74038,Ювеналы-1+2 E+D Соло Ж La,https://compreg.ru/resultsdata/2025/10/2600/74038.php,data/cache/protocols/2025/10/2600/74038.php,no,yes,200,checked_no_match,,,,
2026-06-02T17:09:59,2025-10-26,2025102600,DANCEGROUP CUP 2025 (Москва),Москва,74078,EADC Ювеналы-1 Соло Ж La,https://compreg.ru/resultsdata/2025/10/2600/74078.php,data/cache/protocols/2025/10/2600/74078.php,no,yes,200,checked_no_match,,,,
2026-06-02T16:21:12,2025-10-26,2025102602,Список категорий фестиваля | Краски Осени (Москва) | 26.10.25,Москва,74095,Ювеналы-1+2 N+E соло Ж St,https://compreg.ru/resultsdata/2025/10/2602/74095.php,data/cache/protocols/2025/10/2602/74095.php,yes,no,,checked_no_match,,,,
2026-06-02T17:09:59,2025-10-26,2025102602,Краски Осени (Москва),Москва,74106,Ювеналы-1+2 N+E соло Ж La,https://compreg.ru/resultsdata/2025/10/2602/74106.php,data/cache/protocols/2025/10/2602/74106.php,no,yes,200,checked_no_match,,,,
2026-06-02T17:09:59,2025-10-26,2025102602,Краски Осени (Москва),Москва,74109,Ювеналы-1+2 E+D соло Ж La,https://compreg.ru/resultsdata/2025/10/2602/74109.php,data/cache/protocols/2025/10/2602/74109.php,no,yes,200,checked_no_match,,,,
2026-06-02T16:21:12,2025-11-02,2025110200,Список категорий фестиваля | КУБОК МАКС-КЛАССИК 2025 (Москва) | 02.11.25,Москва,74310,Ювеналы-1 N Соло Ж St,https://compreg.ru/resultsdata/2025/11/0200/74310.php,data/cache/protocols/2025/11/0200/74310.php,yes,no,,checked_no_match,,,,
2026-06-02T16:21:12,2025-11-02,2025110200,Список категорий фестиваля | КУБОК МАКС-КЛАССИК 2025 (Москва) | 02.11.25,Москва,74320,Ювеналы-1+2 N Соло Ж St,https://compreg.ru/resultsdata/2025/11/0200/74320.php,data/cache/protocols/2025/11/0200/74320.php,yes,no,,checked_no_match,,,,
2026-06-02T17:09:59,2025-11-02,2025110200,КУБОК МАКС-КЛАССИК 2025 (Москва),Москва,74312,Ювеналы-1+2 N+E Соло Ж St,https://compreg.ru/resultsdata/2025/11/0200/74312.php,data/cache/protocols/2025/11/0200/74312.php,no,yes,200,checked_no_match,,,,
2026-06-02T17:10:00,2025-11-02,2025110200,КУБОК МАКС-КЛАССИК 2025 (Москва),Москва,74311,Ювеналы-1 N Соло Ж La,https://compreg.ru/resultsdata/2025/11/0200/74311.php,data/cache/protocols/2025/11/0200/74311.php,no,yes,200,checked_no_match,,,,
2026-06-02T17:10:00,2025-11-02,2025110200,КУБОК МАКС-КЛАССИК 2025 (Москва),Москва,74321,Ювеналы-1+2 N Соло Ж La,https://compreg.ru/resultsdata/2025/11/0200/74321.php,data/cache/protocols/2025/11/0200/74321.php,no,yes,200,checked_no_match,,,,
2026-06-02T17:10:00,2025-11-02,2025110200,КУБОК МАКС-КЛАССИК 2025 (Москва),Москва,74315,Ювеналы-1+2 N+E Соло Ж La,https://compreg.ru/resultsdata/2025/11/0200/74315.php,data/cache/protocols/2025/11/0200/74315.php,no,yes,200,checked_no_match,,,,
2026-06-02T16:21:12,2025-11-02,2025110203,Список категорий фестиваля | ROYAL DANCE CUP 2025 (Москва) | 02.11.25,Москва,74436,Ювеналы-1 N Соло Ж St,https://compreg.ru/resultsdata/2025/11/0203/74436.php,data/cache/protocols/2025/11/0203/74436.php,yes,no,,checked_no_match,,,,
2026-06-02T16:21:12,2025-11-02,2025110203,Список категорий фестиваля | ROYAL DANCE CUP 2025 (Москва) | 02.11.25,Москва,74437,Ювеналы-1 N+E Соло Ж St,https://compreg.ru/resultsdata/2025/11/0203/74437.php,data/cache/protocols/2025/11/0203/74437.php,yes,no,,checked_no_match,,,,
2026-06-02T16:21:12,2025-11-02,2025110203,Список категорий фестиваля | ROYAL DANCE CUP 2025 (Москва) | 02.11.25,Москва,74442,Ювеналы-1+2 N+E Соло Ж St,https://compreg.ru/resultsdata/2025/11/0203/74442.php,data/cache/protocols/2025/11/0203/74442.php,yes,no,,checked_no_match,,,,
2026-06-02T17:10:00,2025-11-02,2025110203,ROYAL DANCE CUP 2025 (Москва),Москва,74447,Ювеналы-1+2 E+D Соло Ж St,https://compreg.ru/resultsdata/2025/11/0203/74447.php,data/cache/protocols/2025/11/0203/74447.php,no,yes,200,checked_no_match,,,,
2026-06-02T17:10:00,2025-11-02,2025110203,ROYAL DANCE CUP 2025 (Москва),Москва,74455,Ювеналы-1 N Соло Ж La,https://compreg.ru/resultsdata/2025/11/0203/74455.php,data/cache/protocols/2025/11/0203/74455.php,no,yes,200,checked_no_match,,,,
2026-06-02T17:10:00,2025-11-02,2025110203,ROYAL DANCE CUP 2025 (Москва),Москва,74456,Ювеналы-1 N+E Соло Ж La,https://compreg.ru/resultsdata/2025/11/0203/74456.php,data/cache/protocols/2025/11/0203/74456.php,no,yes,200,checked_no_match,,,,
2026-06-02T17:10:00,2025-11-02,2025110203,ROYAL DANCE CUP 2025 (Москва),Москва,74460,Ювеналы-1+2 N+E Соло Ж La,https://compreg.ru/resultsdata/2025/11/0203/74460.php,data/cache/protocols/2025/11/0203/74460.php,no,yes,200,checked_no_match,,,,
2026-06-02T17:10:00,2025-11-02,2025110203,ROYAL DANCE CUP 2025 (Москва),Москва,74465,Ювеналы-1+2 E+D Соло Ж La,https://compreg.ru/resultsdata/2025/11/0203/74465.php,data/cache/protocols/2025/11/0203/74465.php,no,yes,200,checked_no_match,,,,
2026-06-02T16:21:12,2025-11-09,2025110900,Список категорий фестиваля | MILLENNIUM CUP (Москва) | 09.11.25,Москва,74586,Ювеналы-1 N Соло Ж St,https://compreg.ru/resultsdata/2025/11/0900/74586.php,data/cache/protocols/2025/11/0900/74586.php,yes,no,,checked_no_match,,,,
2026-06-02T16:21:12,2025-11-09,2025110900,Список категорий фестиваля | MILLENNIUM CUP (Москва) | 09.11.25,Москва,74596,Ювеналы-1+2 N Соло Ж St,https://compreg.ru/resultsdata/2025/11/0900/74596.php,data/cache/protocols/2025/11/0900/74596.php,yes,no,,checked_no_match,,,,
2026-06-02T17:10:00,2025-11-09,2025110900,MILLENNIUM CUP (Москва),Москва,74588,Ювеналы-1+2 N+E Соло Ж St,https://compreg.ru/resultsdata/2025/11/0900/74588.php,data/cache/protocols/2025/11/0900/74588.php,no,yes,200,checked_no_match,,,,
2026-06-02T17:10:01,2025-11-09,2025110900,MILLENNIUM CUP (Москва),Москва,74606,Ювеналы-1+2 E+D Соло Ж St,https://compreg.ru/resultsdata/2025/11/0900/74606.php,data/cache/protocols/2025/11/0900/74606.php,no,yes,200,checked_no_match,,,,
2026-06-02T17:10:01,2025-11-09,2025110900,MILLENNIUM CUP (Москва),Москва,74618,EADC Ювеналы-1 Соло Ж St,https://compreg.ru/resultsdata/2025/11/0900/74618.php,data/cache/protocols/2025/11/0900/74618.php,no,yes,200,checked_no_match,,,,
2026-06-02T17:10:01,2025-11-09,2025110900,MILLENNIUM CUP (Москва),Москва,74587,Ювеналы-1 N Соло Ж La,https://compreg.ru/resultsdata/2025/11/0900/74587.php,data/cache/protocols/2025/11/0900/74587.php,no,yes,200,checked_no_match,,,,
2026-06-02T17:10:01,2025-11-09,2025110900,MILLENNIUM CUP (Москва),Москва,74597,Ювеналы-1+2 N Соло Ж La,https://compreg.ru/resultsdata/2025/11/0900/74597.php,data/cache/protocols/2025/11/0900/74597.php,no,yes,200,checked_no_match,,,,
2026-06-02T17:10:01,2025-11-09,2025110900,MILLENNIUM CUP (Москва),Москва,74591,Ювеналы-1+2 N+E Соло Ж La,https://compreg.ru/resultsdata/2025/11/0900/74591.php,data/cache/protocols/2025/11/0900/74591.php,no,yes,200,checked_no_match,,,,
2026-06-02T17:10:01,2025-11-09,2025110900,MILLENNIUM CUP (Москва),Москва,74609,Ювеналы-1+2 E+D Соло Ж La,https://compreg.ru/resultsdata/2025/11/0900/74609.php,data/cache/protocols/2025/11/0900/74609.php,no,yes,200,checked_no_match,,,,
2026-06-02T17:10:01,2025-11-09,2025110900,MILLENNIUM CUP (Москва),Москва,74619,EADC Ювеналы-1 Соло Ж La,https://compreg.ru/resultsdata/2025/11/0900/74619.php,data/cache/protocols/2025/11/0900/74619.php,no,yes,200,checked_no_match,,,,
2026-06-02T16:21:12,2025-11-15,2025111500,Список категорий фестиваля | Кубок Академии Танца-2025 (Москва) | 16.11.25,Москва,74727,Ювеналы-1 N Соло Ж St,https://compreg.ru/resultsdata/2025/11/1500/74727.php,data/cache/protocols/2025/11/1500/74727.php,yes,no,,checked_no_match,,,,
2026-06-02T16:21:12,2025-11-15,2025111500,Список категорий фестиваля | Кубок Академии Танца-2025 (Москва) | 16.11.25,Москва,74743,Ювеналы-1+2 N Соло Ж St,https://compreg.ru/resultsdata/2025/11/1500/74743.php,data/cache/protocols/2025/11/1500/74743.php,yes,no,,checked_no_match,,,,
2026-06-02T17:10:02,2025-11-16,2025111500,Кубок Академии Танца-2025 (Москва),Москва,74729,Ювеналы-1 N+E Соло Ж St,https://compreg.ru/resultsdata/2025/11/1500/74729.php,data/cache/protocols/2025/11/1500/74729.php,no,yes,200,checked_no_match,,,,
2026-06-02T17:10:02,2025-11-16,2025111500,Кубок Академии Танца-2025 (Москва),Москва,74745,Ювеналы-1+2 N+E Соло Ж St,https://compreg.ru/resultsdata/2025/11/1500/74745.php,data/cache/protocols/2025/11/1500/74745.php,no,yes,200,checked_no_match,,,,
2026-06-02T17:10:02,2025-11-16,2025111500,Кубок Академии Танца-2025 (Москва),Москва,74751,Ювеналы-1+2 E+D Соло Ж St,https://compreg.ru/resultsdata/2025/11/1500/74751.php,data/cache/protocols/2025/11/1500/74751.php,no,yes,200,checked_no_match,,,,
2026-06-02T17:10:02,2025-11-16,2025111500,Кубок Академии Танца-2025 (Москва),Москва,74728,Ювеналы-1 N Соло Ж La,https://compreg.ru/resultsdata/2025/11/1500/74728.php,data/cache/protocols/2025/11/1500/74728.php,no,yes,200,checked_no_match,,,,
2026-06-02T17:10:02,2025-11-16,2025111500,Кубок Академии Танца-2025 (Москва),Москва,74744,Ювеналы-1+2 N Соло Ж La,https://compreg.ru/resultsdata/2025/11/1500/74744.php,data/cache/protocols/2025/11/1500/74744.php,no,yes,200,checked_no_match,,,,
2026-06-02T17:10:02,2025-11-16,2025111500,Кубок Академии Танца-2025 (Москва),Москва,74732,Ювеналы-1 N+E Соло Ж La,https://compreg.ru/resultsdata/2025/11/1500/74732.php,data/cache/protocols/2025/11/1500/74732.php,no,yes,200,checked_no_match,,,,
2026-06-02T17:10:03,2025-11-16,2025111500,Кубок Академии Танца-2025 (Москва),Москва,74748,Ювеналы-1+2 N+E Соло Ж La,https://compreg.ru/resultsdata/2025/11/1500/74748.php,data/cache/protocols/2025/11/1500/74748.php,no,yes,200,checked_no_match,,,,
2026-06-02T17:10:03,2025-11-16,2025111500,Кубок Академии Танца-2025 (Москва),Москва,74754,Ювеналы-1+2 E+D Соло Ж La,https://compreg.ru/resultsdata/2025/11/1500/74754.php,data/cache/protocols/2025/11/1500/74754.php,no,yes,200,checked_no_match,,,,
2026-06-02T16:21:12,2025-11-16,2025111602,Список категорий фестиваля | Кубок Эстетики (Москва) | 16.11.25,Москва,74841,Ювеналы-1 N+E Соло Ж St,https://compreg.ru/resultsdata/2025/11/1602/74841.php,data/cache/protocols/2025/11/1602/74841.php,yes,no,,checked_no_match,,,,
2026-06-02T16:21:12,2025-11-16,2025111602,Список категорий фестиваля | Кубок Эстетики (Москва) | 16.11.25,Москва,74846,Ювеналы-1+2 N+E Соло Ж St,https://compreg.ru/resultsdata/2025/11/1602/74846.php,data/cache/protocols/2025/11/1602/74846.php,yes,no,,checked_no_match,,,,
2026-06-02T17:10:03,2025-11-16,2025111602,Кубок Эстетики (Москва),Москва,74851,Ювеналы-1+2 E+D Соло Ж St,https://compreg.ru/resultsdata/2025/11/1602/74851.php,data/cache/protocols/2025/11/1602/74851.php,no,yes,200,checked_no_match,,,,
2026-06-02T17:10:03,2025-11-16,2025111602,Кубок Эстетики (Москва),Москва,74870,Ювеналы-1 N+E Соло Ж La,https://compreg.ru/resultsdata/2025/11/1602/74870.php,data/cache/protocols/2025/11/1602/74870.php,no,yes,200,checked_no_match,,,,
2026-06-02T17:10:03,2025-11-16,2025111602,Кубок Эстетики (Москва),Москва,74875,Ювеналы-1+2 N+E Соло Ж La,https://compreg.ru/resultsdata/2025/11/1602/74875.php,data/cache/protocols/2025/11/1602/74875.php,no,yes,200,checked_no_match,,,,
2026-06-02T17:10:03,2025-11-16,2025111602,Кубок Эстетики (Москва),Москва,74883,Ювеналы-1+2 E+D Соло Ж La,https://compreg.ru/resultsdata/2025/11/1602/74883.php,data/cache/protocols/2025/11/1602/74883.php,no,yes,200,checked_no_match,,,,
2026-06-02T16:21:12,2025-11-23,2025112300,Список категорий фестиваля | Forum Cup (Москва) | 23.11.25,Москва,74973,Ювеналы-1+2 N соло Ж St,https://compreg.ru/resultsdata/2025/11/2300/74973.php,data/cache/protocols/2025/11/2300/74973.php,yes,no,,checked_no_match,,,,
2026-06-02T16:21:12,2025-11-23,2025112300,Список категорий фестиваля | Forum Cup (Москва) | 23.11.25,Москва,74974,Ювеналы-1+2 N+E соло Ж St,https://compreg.ru/resultsdata/2025/11/2300/74974.php,data/cache/protocols/2025/11/2300/74974.php,yes,no,,checked_no_match,,,,
2026-06-02T17:10:03,2025-11-23,2025112300,Forum Cup (Москва),Москва,74978,Ювеналы-1+2 N соло Ж La,https://compreg.ru/resultsdata/2025/11/2300/74978.php,data/cache/protocols/2025/11/2300/74978.php,no,yes,200,checked_no_match,,,,
2026-06-02T17:10:03,2025-11-23,2025112300,Forum Cup (Москва),Москва,74979,Ювеналы-1+2 N+E соло Ж La,https://compreg.ru/resultsdata/2025/11/2300/74979.php,data/cache/protocols/2025/11/2300/74979.php,no,yes,200,checked_no_match,,,,
2026-06-02T16:21:12,2025-11-29,2025112901,Список категорий фестиваля | XVI Golden Step Cup 2025 (Москва) | 29.11.25,Москва,75089,Ювеналы-1 N Соло Ж St,https://compreg.ru/resultsdata/2025/11/2901/75089.php,data/cache/protocols/2025/11/2901/75089.php,yes,no,,checked_no_match,,,,
2026-06-02T16:21:12,2025-11-29,2025112901,Список категорий фестиваля | XVI Golden Step Cup 2025 (Москва) | 29.11.25,Москва,75091,Ювеналы-1+2 N Соло Ж St,https://compreg.ru/resultsdata/2025/11/2901/75091.php,data/cache/protocols/2025/11/2901/75091.php,yes,no,,checked_no_match,,,,
2026-06-02T17:10:03,2025-11-29,2025112901,XVI Golden Step Cup 2025 (Москва),Москва,75098,Ювеналы-1 N+E Соло Ж St,https://compreg.ru/resultsdata/2025/11/2901/75098.php,data/cache/protocols/2025/11/2901/75098.php,no,yes,200,checked_no_match,,,,
2026-06-02T17:10:04,2025-11-29,2025112901,XVI Golden Step Cup 2025 (Москва),Москва,75104,Ювеналы-1+2 N+E Соло Ж St,https://compreg.ru/resultsdata/2025/11/2901/75104.php,data/cache/protocols/2025/11/2901/75104.php,no,yes,200,checked_no_match,,,,
2026-06-02T17:10:04,2025-11-29,2025112901,XVI Golden Step Cup 2025 (Москва),Москва,75122,Ювеналы-1+2 E+D Соло Ж St,https://compreg.ru/resultsdata/2025/11/2901/75122.php,data/cache/protocols/2025/11/2901/75122.php,no,yes,200,checked_no_match,,,,
2026-06-02T17:10:04,2025-11-29,2025112901,XVI Golden Step Cup 2025 (Москва),Москва,75135,EADC Ювеналы-1 Соло Ж St,https://compreg.ru/resultsdata/2025/11/2901/75135.php,data/cache/protocols/2025/11/2901/75135.php,no,yes,200,checked_no_match,,,,
2026-06-02T17:10:04,2025-11-29,2025112901,XVI Golden Step Cup 2025 (Москва),Москва,75094,Ювеналы-1 N Соло Ж La,https://compreg.ru/resultsdata/2025/11/2901/75094.php,data/cache/protocols/2025/11/2901/75094.php,no,yes,200,checked_no_match,,,,
2026-06-02T17:10:04,2025-11-29,2025112901,XVI Golden Step Cup 2025 (Москва),Москва,75096,Ювеналы-1+2 N Соло Ж La,https://compreg.ru/resultsdata/2025/11/2901/75096.php,data/cache/protocols/2025/11/2901/75096.php,no,yes,200,checked_no_match,,,,
2026-06-02T17:10:04,2025-11-29,2025112901,XVI Golden Step Cup 2025 (Москва),Москва,75110,Ювеналы-1 N+E Соло Ж La,https://compreg.ru/resultsdata/2025/11/2901/75110.php,data/cache/protocols/2025/11/2901/75110.php,no,yes,200,checked_no_match,,,,
2026-06-02T17:10:05,2025-11-29,2025112901,XVI Golden Step Cup 2025 (Москва),Москва,75116,Ювеналы-1+2 N+E Соло Ж La,https://compreg.ru/resultsdata/2025/11/2901/75116.php,data/cache/protocols/2025/11/2901/75116.php,no,yes,200,checked_no_match,,,,
2026-06-02T17:10:05,2025-11-29,2025112901,XVI Golden Step Cup 2025 (Москва),Москва,75128,Ювеналы-1+2 E+D Соло Ж La,https://compreg.ru/resultsdata/2025/11/2901/75128.php,data/cache/protocols/2025/11/2901/75128.php,no,yes,200,checked_no_match,,,,
2026-06-02T17:10:05,2025-11-29,2025112901,XVI Golden Step Cup 2025 (Москва),Москва,75142,EADC Ювеналы-1 Соло Ж La,https://compreg.ru/resultsdata/2025/11/2901/75142.php,data/cache/protocols/2025/11/2901/75142.php,no,yes,200,checked_no_match,,,,
2026-06-02T16:21:13,2025-12-06,2025120600,Список категорий фестиваля | Amore Dance Festivale 2025 (Москва) | 06.12.25,Москва,75348,Ювеналы-1 N+E соло Ж St,https://compreg.ru/resultsdata/2025/12/0600/75348.php,data/cache/protocols/2025/12/0600/75348.php,yes,no,,checked_no_match,,,,
2026-06-02T16:21:13,2025-12-06,2025120600,Список категорий фестиваля | Amore Dance Festivale 2025 (Москва) | 06.12.25,Москва,75354,Ювеналы-1+2 N+E соло Ж St,https://compreg.ru/resultsdata/2025/12/0600/75354.php,data/cache/protocols/2025/12/0600/75354.php,yes,no,,checked_no_match,,,,
2026-06-02T17:10:05,2025-12-07,2025120600,Amore Dance Festivale 2025 (Москва),Москва,75363,Ювеналы-1 E+D соло Ж St,https://compreg.ru/resultsdata/2025/12/0600/75363.php,data/cache/protocols/2025/12/0600/75363.php,no,yes,200,checked_no_match,,,,
2026-06-02T17:10:05,2025-12-07,2025120600,Amore Dance Festivale 2025 (Москва),Москва,75366,Ювеналы-1+2 E+D соло Ж St,https://compreg.ru/resultsdata/2025/12/0600/75366.php,data/cache/protocols/2025/12/0600/75366.php,no,yes,200,checked_no_match,,,,
2026-06-02T17:10:05,2025-12-07,2025120600,Amore Dance Festivale 2025 (Москва),Москва,75378,Ювеналы-1 N+E соло Ж La,https://compreg.ru/resultsdata/2025/12/0600/75378.php,data/cache/protocols/2025/12/0600/75378.php,no,yes,200,checked_no_match,,,,
2026-06-02T17:10:05,2025-12-07,2025120600,Amore Dance Festivale 2025 (Москва),Москва,75384,Ювеналы-1+2 N+E соло Ж La,https://compreg.ru/resultsdata/2025/12/0600/75384.php,data/cache/protocols/2025/12/0600/75384.php,no,yes,200,checked_no_match,,,,
2026-06-02T17:10:05,2025-12-07,2025120600,Amore Dance Festivale 2025 (Москва),Москва,75393,Ювеналы-1 E+D соло Ж La,https://compreg.ru/resultsdata/2025/12/0600/75393.php,data/cache/protocols/2025/12/0600/75393.php,no,yes,200,checked_no_match,,,,
2026-06-02T17:10:06,2025-12-07,2025120600,Amore Dance Festivale 2025 (Москва),Москва,75396,Ювеналы-1+2 E+D соло Ж La,https://compreg.ru/resultsdata/2025/12/0600/75396.php,data/cache/protocols/2025/12/0600/75396.php,no,yes,200,checked_no_match,,,,
2026-06-02T16:21:13,2025-12-07,2025120700,Список категорий фестиваля | DANCEPRIDE TROPHY - 2025 (Москва) | 07.12.25,Москва,75239,Ювеналы-1 N соло Ж St,https://compreg.ru/resultsdata/2025/12/0700/75239.php,data/cache/protocols/2025/12/0700/75239.php,yes,no,,checked_no_match,,,,
2026-06-02T17:10:06,2025-12-07,2025120700,DANCEPRIDE TROPHY - 2025 (Москва),Москва,75241,Ювеналы-1+2 N+E соло Ж St,https://compreg.ru/resultsdata/2025/12/0700/75241.php,data/cache/protocols/2025/12/0700/75241.php,no,yes,200,checked_no_match,,,,
2026-06-02T17:10:06,2025-12-07,2025120700,DANCEPRIDE TROPHY - 2025 (Москва),Москва,75244,Ювеналы-1+2 E+D соло Ж St,https://compreg.ru/resultsdata/2025/12/0700/75244.php,data/cache/protocols/2025/12/0700/75244.php,no,yes,200,checked_no_match,,,,
2026-06-02T17:10:06,2025-12-07,2025120700,DANCEPRIDE TROPHY - 2025 (Москва),Москва,75262,Ювеналы-1 N соло Ж La,https://compreg.ru/resultsdata/2025/12/0700/75262.php,data/cache/protocols/2025/12/0700/75262.php,no,yes,200,checked_no_match,,,,
2026-06-02T17:10:06,2025-12-07,2025120700,DANCEPRIDE TROPHY - 2025 (Москва),Москва,75264,Ювеналы-1+2 N+E соло Ж La,https://compreg.ru/resultsdata/2025/12/0700/75264.php,data/cache/protocols/2025/12/0700/75264.php,no,yes,200,checked_no_match,,,,
2026-06-02T17:10:06,2025-12-07,2025120700,DANCEPRIDE TROPHY - 2025 (Москва),Москва,75267,Ювеналы-1+2 E+D соло Ж La,https://compreg.ru/resultsdata/2025/12/0700/75267.php,data/cache/protocols/2025/12/0700/75267.php,no,yes,200,checked_no_match,,,,
2026-06-02T16:21:13,2025-12-14,2025121401,Список категорий фестиваля | Краски Зимы (Москва) | 14.12.25,Москва,75684,Ювеналы-1+2 N соло Ж St,https://compreg.ru/resultsdata/2025/12/1401/75684.php,data/cache/protocols/2025/12/1401/75684.php,yes,no,,checked_no_match,,,,
2026-06-02T16:21:13,2025-12-14,2025121401,Список категорий фестиваля | Краски Зимы (Москва) | 14.12.25,Москва,75685,Ювеналы-1+2 N+E соло Ж St,https://compreg.ru/resultsdata/2025/12/1401/75685.php,data/cache/protocols/2025/12/1401/75685.php,yes,no,,checked_no_match,,,,
2026-06-02T17:10:07,2025-12-14,2025121401,Краски Зимы (Москва),Москва,75691,Ювеналы-1+2 E+D соло Ж St,https://compreg.ru/resultsdata/2025/12/1401/75691.php,data/cache/protocols/2025/12/1401/75691.php,no,yes,200,checked_no_match,,,,
2026-06-02T17:10:07,2025-12-14,2025121401,Краски Зимы (Москва),Москва,75700,Ювеналы-1+2 N соло Ж La,https://compreg.ru/resultsdata/2025/12/1401/75700.php,data/cache/protocols/2025/12/1401/75700.php,no,yes,200,checked_no_match,,,,
2026-06-02T17:10:07,2025-12-14,2025121401,Краски Зимы (Москва),Москва,75701,Ювеналы-1+2 N+E соло Ж La,https://compreg.ru/resultsdata/2025/12/1401/75701.php,data/cache/protocols/2025/12/1401/75701.php,no,yes,200,checked_no_match,,,,
2026-06-02T17:10:07,2025-12-14,2025121401,Краски Зимы (Москва),Москва,75704,Ювеналы-1+2 E+D соло Ж La,https://compreg.ru/resultsdata/2025/12/1401/75704.php,data/cache/protocols/2025/12/1401/75704.php,no,yes,200,checked_no_match,,,,
2026-06-02T16:21:13,2025-12-21,2025122100,Список категорий фестиваля | MAGIC DANCE 2025 (Москва) | 21.12.25,Москва,75776,Ювеналы-1 N Соло Ж St,https://compreg.ru/resultsdata/2025/12/2100/75776.php,data/cache/protocols/2025/12/2100/75776.php,yes,no,,checked_no_match,,,,
2026-06-02T16:21:13,2025-12-21,2025122100,Список категорий фестиваля | MAGIC DANCE 2025 (Москва) | 21.12.25,Москва,75780,Ювеналы-1+2 N Соло Ж St,https://compreg.ru/resultsdata/2025/12/2100/75780.php,data/cache/protocols/2025/12/2100/75780.php,yes,no,,checked_no_match,,,,
2026-06-02T17:10:07,2025-12-21,2025122100,MAGIC DANCE 2025 (Москва),Москва,75782,Ювеналы-1+2 N+E Соло Ж St,https://compreg.ru/resultsdata/2025/12/2100/75782.php,data/cache/protocols/2025/12/2100/75782.php,no,yes,200,checked_no_match,,,,
2026-06-02T17:10:07,2025-12-21,2025122100,MAGIC DANCE 2025 (Москва),Москва,75777,Ювеналы-1 N Соло Ж La,https://compreg.ru/resultsdata/2025/12/2100/75777.php,data/cache/protocols/2025/12/2100/75777.php,no,yes,200,checked_no_match,,,,
2026-06-02T17:10:07,2025-12-21,2025122100,MAGIC DANCE 2025 (Москва),Москва,75781,Ювеналы-1+2 N Соло Ж La,https://compreg.ru/resultsdata/2025/12/2100/75781.php,data/cache/protocols/2025/12/2100/75781.php,no,yes,200,checked_no_match,,,,
2026-06-02T17:10:08,2025-12-21,2025122100,MAGIC DANCE 2025 (Москва),Москва,75785,Ювеналы-1+2 N+E Соло Ж La,https://compreg.ru/resultsdata/2025/12/2100/75785.php,data/cache/protocols/2025/12/2100/75785.php,no,yes,200,checked_no_match,,,,
2026-06-02T16:21:13,2025-12-27,2025122700,Список категорий фестиваля | Winter Open Cup - 2025 (Москва) | 27.12.25,Москва,76103,Ювеналы-1 N Соло Ж St,https://compreg.ru/resultsdata/2025/12/2700/76103.php,data/cache/protocols/2025/12/2700/76103.php,yes,no,,checked_no_match,,,,
2026-06-02T17:10:08,2025-12-27,2025122700,Winter Open Cup - 2025 (Москва),Москва,76105,Ювеналы-1 N+E Соло Ж St,https://compreg.ru/resultsdata/2025/12/2700/76105.php,data/cache/protocols/2025/12/2700/76105.php,no,yes,200,checked_no_match,,,,
2026-06-02T17:10:08,2025-12-27,2025122700,Winter Open Cup - 2025 (Москва),Москва,76115,Ювеналы-1+2 N+E Соло Ж St,https://compreg.ru/resultsdata/2025/12/2700/76115.php,data/cache/protocols/2025/12/2700/76115.php,no,yes,200,checked_no_match,,,,
2026-06-02T17:10:08,2025-12-27,2025122700,Winter Open Cup - 2025 (Москва),Москва,76111,Ювеналы-1 E Соло Ж St,https://compreg.ru/resultsdata/2025/12/2700/76111.php,data/cache/protocols/2025/12/2700/76111.php,no,yes,200,checked_no_match,,,,
2026-06-02T17:10:08,2025-12-27,2025122700,Winter Open Cup - 2025 (Москва),Москва,76129,Ювеналы-1 E+D Соло Ж St,https://compreg.ru/resultsdata/2025/12/2700/76129.php,data/cache/protocols/2025/12/2700/76129.php,no,yes,200,checked_no_match,,,,
2026-06-02T17:10:08,2025-12-27,2025122700,Winter Open Cup - 2025 (Москва),Москва,76137,Ювеналы-1+2 E+D Соло Ж St,https://compreg.ru/resultsdata/2025/12/2700/76137.php,data/cache/protocols/2025/12/2700/76137.php,no,yes,200,checked_no_match,,,,
2026-06-02T17:10:08,2025-12-27,2025122700,Winter Open Cup - 2025 (Москва),Москва,76104,Ювеналы-1 N Соло Ж La,https://compreg.ru/resultsdata/2025/12/2700/76104.php,data/cache/protocols/2025/12/2700/76104.php,no,yes,200,checked_no_match,,,,
2026-06-02T17:10:08,2025-12-27,2025122700,Winter Open Cup - 2025 (Москва),Москва,76108,Ювеналы-1 N+E Соло Ж La,https://compreg.ru/resultsdata/2025/12/2700/76108.php,data/cache/protocols/2025/12/2700/76108.php,no,yes,200,checked_no_match,,,,
2026-06-02T17:10:09,2025-12-27,2025122700,Winter Open Cup - 2025 (Москва),Москва,76118,Ювеналы-1+2 N+E Соло Ж La,https://compreg.ru/resultsdata/2025/12/2700/76118.php,data/cache/protocols/2025/12/2700/76118.php,no,yes,200,checked_no_match,,,,
2026-06-02T17:10:09,2025-12-27,2025122700,Winter Open Cup - 2025 (Москва),Москва,76112,Ювеналы-1 E Соло Ж La,https://compreg.ru/resultsdata/2025/12/2700/76112.php,data/cache/protocols/2025/12/2700/76112.php,no,yes,200,checked_no_match,,,,
2026-06-02T17:10:09,2025-12-27,2025122700,Winter Open Cup - 2025 (Москва),Москва,76131,Ювеналы-1 E+D Соло Ж La,https://compreg.ru/resultsdata/2025/12/2700/76131.php,data/cache/protocols/2025/12/2700/76131.php,no,yes,200,checked_no_match,,,,
2026-06-02T17:10:09,2025-12-27,2025122700,Winter Open Cup - 2025 (Москва),Москва,76140,Ювеналы-1+2 E+D Соло Ж La,https://compreg.ru/resultsdata/2025/12/2700/76140.php,data/cache/protocols/2025/12/2700/76140.php,no,yes,200,checked_no_match,,,,
2026-06-02T16:21:13,2026-01-11,2026011100,Список категорий фестиваля | PREMIUM GIRLS-2026 (Москва) | 11.01.26,Москва,76186,Ювеналы-1 N Соло Ж St,https://compreg.ru/resultsdata/2026/01/1100/76186.php,data/cache/protocols/2026/01/1100/76186.php,yes,no,,checked_no_match,,,,
2026-06-02T16:21:13,2026-01-11,2026011100,Список категорий фестиваля | PREMIUM GIRLS-2026 (Москва) | 11.01.26,Москва,76190,Ювеналы-1+2 N Соло Ж St,https://compreg.ru/resultsdata/2026/01/1100/76190.php,data/cache/protocols/2026/01/1100/76190.php,yes,no,,checked_no_match,,,,
2026-06-02T17:10:09,2026-01-11,2026011100,PREMIUM GIRLS-2026 (Москва),Москва,76194,Ювеналы-1 N+E Соло Ж St,https://compreg.ru/resultsdata/2026/01/1100/76194.php,data/cache/protocols/2026/01/1100/76194.php,no,yes,200,checked_no_match,,,,
2026-06-02T17:10:09,2026-01-11,2026011100,PREMIUM GIRLS-2026 (Москва),Москва,76200,Ювеналы-1+2 N+E Соло Ж St,https://compreg.ru/resultsdata/2026/01/1100/76200.php,data/cache/protocols/2026/01/1100/76200.php,no,yes,200,checked_no_match,,,,
2026-06-02T17:10:09,2026-01-11,2026011100,PREMIUM GIRLS-2026 (Москва),Москва,76218,Ювеналы-1+2 E+D Соло Ж St,https://compreg.ru/resultsdata/2026/01/1100/76218.php,data/cache/protocols/2026/01/1100/76218.php,no,yes,200,checked_no_match,,,,
2026-06-02T17:10:09,2026-01-11,2026011100,PREMIUM GIRLS-2026 (Москва),Москва,76187,Ювеналы-1 N Соло Ж La,https://compreg.ru/resultsdata/2026/01/1100/76187.php,data/cache/protocols/2026/01/1100/76187.php,no,yes,200,checked_no_match,,,,
2026-06-02T17:10:09,2026-01-11,2026011100,PREMIUM GIRLS-2026 (Москва),Москва,76191,Ювеналы-1+2 N Соло Ж La,https://compreg.ru/resultsdata/2026/01/1100/76191.php,data/cache/protocols/2026/01/1100/76191.php,no,yes,200,checked_no_match,,,,
2026-06-02T17:10:10,2026-01-11,2026011100,PREMIUM GIRLS-2026 (Москва),Москва,76197,Ювеналы-1 N+E Соло Ж La,https://compreg.ru/resultsdata/2026/01/1100/76197.php,data/cache/protocols/2026/01/1100/76197.php,no,yes,200,checked_no_match,,,,
2026-06-02T17:10:10,2026-01-11,2026011100,PREMIUM GIRLS-2026 (Москва),Москва,76202,Ювеналы-1+2 N+E Соло Ж La,https://compreg.ru/resultsdata/2026/01/1100/76202.php,data/cache/protocols/2026/01/1100/76202.php,no,yes,200,checked_no_match,,,,
2026-06-02T17:10:10,2026-01-11,2026011100,PREMIUM GIRLS-2026 (Москва),Москва,76220,Ювеналы-1+2 E+D Соло Ж La,https://compreg.ru/resultsdata/2026/01/1100/76220.php,data/cache/protocols/2026/01/1100/76220.php,no,yes,200,checked_no_match,,,,
2026-06-02T16:21:13,2026-01-18,2026011800,Список категорий фестиваля | РУССКИЙ БАЛ - 2026 (Москва) | 18.01.26,Москва,76420,Ювеналы-1 N Соло Ж St,https://compreg.ru/resultsdata/2026/01/1800/76420.php,data/cache/protocols/2026/01/1800/76420.php,yes,no,,checked_no_match,,,,
2026-06-02T16:21:13,2026-01-18,2026011800,Список категорий фестиваля | РУССКИЙ БАЛ - 2026 (Москва) | 18.01.26,Москва,76422,Ювеналы-1 N+E Соло Ж St,https://compreg.ru/resultsdata/2026/01/1800/76422.php,data/cache/protocols/2026/01/1800/76422.php,yes,no,,checked_no_match,,,,
2026-06-02T17:10:10,2026-01-18,2026011800,РУССКИЙ БАЛ - 2026 (Москва),Москва,76428,Ювеналы-1+2 N+E Соло Ж St,https://compreg.ru/resultsdata/2026/01/1800/76428.php,data/cache/protocols/2026/01/1800/76428.php,no,yes,200,checked_no_match,,,,
2026-06-02T17:10:10,2026-01-18,2026011800,РУССКИЙ БАЛ - 2026 (Москва),Москва,76421,Ювеналы-1 N Соло Ж La,https://compreg.ru/resultsdata/2026/01/1800/76421.php,data/cache/protocols/2026/01/1800/76421.php,no,yes,200,checked_no_match,,,,
2026-06-02T17:10:10,2026-01-18,2026011800,РУССКИЙ БАЛ - 2026 (Москва),Москва,76425,Ювеналы-1 N+E Соло Ж La,https://compreg.ru/resultsdata/2026/01/1800/76425.php,data/cache/protocols/2026/01/1800/76425.php,no,yes,200,checked_no_match,,,,
2026-06-02T17:10:10,2026-01-18,2026011800,РУССКИЙ БАЛ - 2026 (Москва),Москва,76431,Ювеналы-1+2 N+E Соло Ж La,https://compreg.ru/resultsdata/2026/01/1800/76431.php,data/cache/protocols/2026/01/1800/76431.php,no,yes,200,checked_no_match,,,,
2026-06-02T16:21:13,2026-01-25,2026012501,Список категорий фестиваля | Зимняя Звезда - 2026 (Москва) | 25.01.26,Москва,76469,Ювеналы-1 N соло Ж St,https://compreg.ru/resultsdata/2026/01/2501/76469.php,data/cache/protocols/2026/01/2501/76469.php,yes,no,,checked_no_match,,,,
2026-06-02T16:21:13,2026-01-25,2026012501,Список категорий фестиваля | Зимняя Звезда - 2026 (Москва) | 25.01.26,Москва,76471,Ювеналы-1+2 N соло Ж St,https://compreg.ru/resultsdata/2026/01/2501/76471.php,data/cache/protocols/2026/01/2501/76471.php,yes,no,,checked_no_match,,,,
2026-06-02T17:10:11,2026-01-25,2026012501,Зимняя Звезда - 2026 (Москва),Москва,76473,Ювеналы-1+2 N+E соло Ж St,https://compreg.ru/resultsdata/2026/01/2501/76473.php,data/cache/protocols/2026/01/2501/76473.php,no,yes,200,checked_no_match,,,,
2026-06-02T17:10:11,2026-01-25,2026012501,Зимняя Звезда - 2026 (Москва),Москва,76479,Ювеналы-1+2 E+D соло Ж St,https://compreg.ru/resultsdata/2026/01/2501/76479.php,data/cache/protocols/2026/01/2501/76479.php,no,yes,200,checked_no_match,,,,
2026-06-02T17:10:11,2026-01-25,2026012501,Зимняя Звезда - 2026 (Москва),Москва,76501,Ювеналы-1 соло Ж EADC St,https://compreg.ru/resultsdata/2026/01/2501/76501.php,data/cache/protocols/2026/01/2501/76501.php,no,yes,200,checked_no_match,,,,
2026-06-02T17:10:11,2026-01-25,2026012501,Зимняя Звезда - 2026 (Москва),Москва,76485,Ювеналы-1 N соло Ж La,https://compreg.ru/resultsdata/2026/01/2501/76485.php,data/cache/protocols/2026/01/2501/76485.php,no,yes,200,checked_no_match,,,,
2026-06-02T17:10:11,2026-01-25,2026012501,Зимняя Звезда - 2026 (Москва),Москва,76487,Ювеналы-1+2 N соло Ж La,https://compreg.ru/resultsdata/2026/01/2501/76487.php,data/cache/protocols/2026/01/2501/76487.php,no,yes,200,checked_no_match,,,,
2026-06-02T17:10:11,2026-01-25,2026012501,Зимняя Звезда - 2026 (Москва),Москва,76489,Ювеналы-1+2 N+E соло Ж La,https://compreg.ru/resultsdata/2026/01/2501/76489.php,data/cache/protocols/2026/01/2501/76489.php,no,yes,200,checked_no_match,,,,
2026-06-02T17:10:11,2026-01-25,2026012501,Зимняя Звезда - 2026 (Москва),Москва,76498,Ювеналы-1+2 E+D соло Ж La,https://compreg.ru/resultsdata/2026/01/2501/76498.php,data/cache/protocols/2026/01/2501/76498.php,no,yes,200,checked_no_match,,,,
2026-06-02T17:10:11,2026-01-25,2026012501,Зимняя Звезда - 2026 (Москва),Москва,76507,Ювеналы-1 соло Ж EADC La,https://compreg.ru/resultsdata/2026/01/2501/76507.php,data/cache/protocols/2026/01/2501/76507.php,no,yes,200,checked_no_match,,,,
2026-06-02T16:21:13,2026-01-25,2026012503,Список категорий фестиваля | Кабы не было Зимы (Москва) | 25.01.26,Москва,76609,Ювеналы-1+2 N соло Ж St,https://compreg.ru/resultsdata/2026/01/2503/76609.php,data/cache/protocols/2026/01/2503/76609.php,yes,no,,checked_no_match,,,,
2026-06-02T17:10:11,2026-01-25,2026012503,Кабы не было Зимы (Москва),Москва,76614,Ювеналы-1+2 E+D соло Ж St,https://compreg.ru/resultsdata/2026/01/2503/76614.php,data/cache/protocols/2026/01/2503/76614.php,no,yes,200,checked_no_match,,,,
2026-06-02T17:10:12,2026-01-25,2026012503,Кабы не было Зимы (Москва),Москва,76622,Ювеналы-1+2 N соло Ж La,https://compreg.ru/resultsdata/2026/01/2503/76622.php,data/cache/protocols/2026/01/2503/76622.php,no,yes,200,checked_no_match,,,,
2026-06-02T17:10:12,2026-01-25,2026012503,Кабы не было Зимы (Москва),Москва,76623,Ювеналы-1+2 E+D соло Ж La,https://compreg.ru/resultsdata/2026/01/2503/76623.php,data/cache/protocols/2026/01/2503/76623.php,no,yes,200,checked_no_match,,,,
2026-06-02T16:21:13,2026-02-07,2026020700,Список категорий фестиваля | Moscow International Open - 2026 (Москва) | 07.02.26,Москва,76968,Ювеналы-1 N Соло Ж St,https://compreg.ru/resultsdata/2026/02/0700/76968.php,data/cache/protocols/2026/02/0700/76968.php,yes,no,,checked_no_match,,,,
2026-06-02T16:21:13,2026-02-07,2026020700,Список категорий фестиваля | Moscow International Open - 2026 (Москва) | 07.02.26,Москва,76972,Ювеналы-1+2 N Соло Ж St,https://compreg.ru/resultsdata/2026/02/0700/76972.php,data/cache/protocols/2026/02/0700/76972.php,yes,no,,checked_no_match,,,,
2026-06-02T17:10:12,2026-02-08,2026020700,Moscow International Open - 2026 (Москва),Москва,76974,Ювеналы-1 N+E Соло Ж St,https://compreg.ru/resultsdata/2026/02/0700/76974.php,data/cache/protocols/2026/02/0700/76974.php,no,yes,200,checked_no_match,,,,
2026-06-02T17:10:12,2026-02-08,2026020700,Moscow International Open - 2026 (Москва),Москва,76986,Ювеналы-1+2 N+E Соло Ж St,https://compreg.ru/resultsdata/2026/02/0700/76986.php,data/cache/protocols/2026/02/0700/76986.php,no,yes,200,checked_no_match,,,,
2026-06-02T17:10:12,2026-02-08,2026020700,Moscow International Open - 2026 (Москва),Москва,76992,Ювеналы-1+2 E+D Соло Ж St,https://compreg.ru/resultsdata/2026/02/0700/76992.php,data/cache/protocols/2026/02/0700/76992.php,no,yes,200,checked_no_match,,,,
2026-06-02T17:10:12,2026-02-08,2026020700,Moscow International Open - 2026 (Москва),Москва,77056,EADC Ювеналы-1 Соло Ж St,https://compreg.ru/resultsdata/2026/02/0700/77056.php,data/cache/protocols/2026/02/0700/77056.php,no,yes,200,checked_no_match,,,,
2026-06-02T17:10:12,2026-02-08,2026020700,Moscow International Open - 2026 (Москва),Москва,76969,Ювеналы-1 N Соло Ж La,https://compreg.ru/resultsdata/2026/02/0700/76969.php,data/cache/protocols/2026/02/0700/76969.php,no,yes,200,checked_no_match,,,,
2026-06-02T17:10:12,2026-02-08,2026020700,Moscow International Open - 2026 (Москва),Москва,76973,Ювеналы-1+2 N Соло Ж La,https://compreg.ru/resultsdata/2026/02/0700/76973.php,data/cache/protocols/2026/02/0700/76973.php,no,yes,200,checked_no_match,,,,
2026-06-02T17:10:13,2026-02-08,2026020700,Moscow International Open - 2026 (Москва),Москва,76977,Ювеналы-1 N+E Соло Ж La,https://compreg.ru/resultsdata/2026/02/0700/76977.php,data/cache/protocols/2026/02/0700/76977.php,no,yes,200,checked_no_match,,,,
2026-06-02T17:10:13,2026-02-08,2026020700,Moscow International Open - 2026 (Москва),Москва,76989,Ювеналы-1+2 N+E Соло Ж La,https://compreg.ru/resultsdata/2026/02/0700/76989.php,data/cache/protocols/2026/02/0700/76989.php,no,yes,200,checked_no_match,,,,
2026-06-02T17:10:13,2026-02-08,2026020700,Moscow International Open - 2026 (Москва),Москва,76995,Ювеналы-1+2 E+D Соло Ж La,https://compreg.ru/resultsdata/2026/02/0700/76995.php,data/cache/protocols/2026/02/0700/76995.php,no,yes,200,checked_no_match,,,,
2026-06-02T17:10:13,2026-02-08,2026020700,Moscow International Open - 2026 (Москва),Москва,77057,EADC Ювеналы-1 Соло Ж La,https://compreg.ru/resultsdata/2026/02/0700/77057.php,data/cache/protocols/2026/02/0700/77057.php,no,yes,200,checked_no_match,,,,
2026-06-02T16:21:13,2026-02-08,2026020800,Список категорий фестиваля | Панда собирает друзей (Москва) | 08.02.26,Москва,76932,Ювеналы-1+2 N+E соло Ж St,https://compreg.ru/resultsdata/2026/02/0800/76932.php,data/cache/protocols/2026/02/0800/76932.php,yes,no,,checked_no_match,,,,
2026-06-02T17:10:13,2026-02-08,2026020800,Панда собирает друзей (Москва),Москва,76938,Ювеналы-1+2 E+D соло Ж St,https://compreg.ru/resultsdata/2026/02/0800/76938.php,data/cache/protocols/2026/02/0800/76938.php,no,yes,200,checked_no_match,,,,
2026-06-02T17:10:13,2026-02-08,2026020800,Панда собирает друзей (Москва),Москва,76948,Ювеналы-1+2 N+E соло Ж La,https://compreg.ru/resultsdata/2026/02/0800/76948.php,data/cache/protocols/2026/02/0800/76948.php,no,yes,200,checked_no_match,,,,
2026-06-02T17:10:13,2026-02-08,2026020800,Панда собирает друзей (Москва),Москва,76951,Ювеналы-1+2 E+D соло Ж La,https://compreg.ru/resultsdata/2026/02/0800/76951.php,data/cache/protocols/2026/02/0800/76951.php,no,yes,200,checked_no_match,,,,
2026-06-02T16:21:13,2026-02-21,2026022100,Список категорий фестиваля | BAILA CUP 2026 (Москва) | 21.02.26,Москва,77578,Ювеналы-1 N Соло Ж St,https://compreg.ru/resultsdata/2026/02/2100/77578.php,data/cache/protocols/2026/02/2100/77578.php,yes,no,,checked_no_match,,,,
2026-06-02T16:21:13,2026-02-21,2026022100,Список категорий фестиваля | BAILA CUP 2026 (Москва) | 21.02.26,Москва,77586,Ювеналы-1+2 N Соло Ж St,https://compreg.ru/resultsdata/2026/02/2100/77586.php,data/cache/protocols/2026/02/2100/77586.php,yes,no,,checked_no_match,,,,
2026-06-02T17:10:13,2026-02-22,2026022100,BAILA CUP 2026 (Москва),Москва,77580,Ювеналы-1 N+E Соло Ж St,https://compreg.ru/resultsdata/2026/02/2100/77580.php,data/cache/protocols/2026/02/2100/77580.php,no,yes,200,checked_no_match,,,,
2026-06-02T17:10:13,2026-02-22,2026022100,BAILA CUP 2026 (Москва),Москва,77588,Ювеналы-1+2 N+E Соло Ж St,https://compreg.ru/resultsdata/2026/02/2100/77588.php,data/cache/protocols/2026/02/2100/77588.php,no,yes,200,checked_no_match,,,,
2026-06-02T17:10:14,2026-02-22,2026022100,BAILA CUP 2026 (Москва),Москва,77600,Ювеналы-1+2 E+D Соло Ж St,https://compreg.ru/resultsdata/2026/02/2100/77600.php,data/cache/protocols/2026/02/2100/77600.php,no,yes,200,checked_no_match,,,,
2026-06-02T17:10:14,2026-02-22,2026022100,BAILA CUP 2026 (Москва),Москва,77638,EADC Ювеналы-1 Соло Ж St,https://compreg.ru/resultsdata/2026/02/2100/77638.php,data/cache/protocols/2026/02/2100/77638.php,no,yes,200,checked_no_match,,,,
2026-06-02T17:10:14,2026-02-22,2026022100,BAILA CUP 2026 (Москва),Москва,77579,Ювеналы-1 N Соло Ж La,https://compreg.ru/resultsdata/2026/02/2100/77579.php,data/cache/protocols/2026/02/2100/77579.php,no,yes,200,checked_no_match,,,,
2026-06-02T17:10:14,2026-02-22,2026022100,BAILA CUP 2026 (Москва),Москва,77587,Ювеналы-1+2 N Соло Ж La,https://compreg.ru/resultsdata/2026/02/2100/77587.php,data/cache/protocols/2026/02/2100/77587.php,no,yes,200,checked_no_match,,,,
2026-06-02T17:10:14,2026-02-22,2026022100,BAILA CUP 2026 (Москва),Москва,77583,Ювеналы-1 N+E Соло Ж La,https://compreg.ru/resultsdata/2026/02/2100/77583.php,data/cache/protocols/2026/02/2100/77583.php,no,yes,200,checked_no_match,,,,
2026-06-02T17:10:14,2026-02-22,2026022100,BAILA CUP 2026 (Москва),Москва,77591,Ювеналы-1+2 N+E Соло Ж La,https://compreg.ru/resultsdata/2026/02/2100/77591.php,data/cache/protocols/2026/02/2100/77591.php,no,yes,200,checked_no_match,,,,
2026-06-02T17:10:14,2026-02-22,2026022100,BAILA CUP 2026 (Москва),Москва,77603,Ювеналы-1+2 E+D Соло Ж La,https://compreg.ru/resultsdata/2026/02/2100/77603.php,data/cache/protocols/2026/02/2100/77603.php,no,yes,200,checked_no_match,,,,
2026-06-02T17:10:14,2026-02-22,2026022100,BAILA CUP 2026 (Москва),Москва,77639,EADC Ювеналы-1 Соло Ж La,https://compreg.ru/resultsdata/2026/02/2100/77639.php,data/cache/protocols/2026/02/2100/77639.php,no,yes,200,checked_no_match,,,,
2026-06-02T16:21:13,2026-02-28,2026022800,Список категорий фестиваля | Кубок Грэйта - 2026 (Москва) | 28.02.26,Москва,77660,Ювеналы-1 N Соло Ж St,https://compreg.ru/resultsdata/2026/02/2800/77660.php,data/cache/protocols/2026/02/2800/77660.php,yes,no,,checked_no_match,,,,
2026-06-02T16:21:13,2026-02-28,2026022800,Список категорий фестиваля | Кубок Грэйта - 2026 (Москва) | 28.02.26,Москва,77664,Ювеналы-1+2 N Соло Ж St,https://compreg.ru/resultsdata/2026/02/2800/77664.php,data/cache/protocols/2026/02/2800/77664.php,yes,no,,checked_no_match,,,,
2026-06-02T17:10:15,2026-03-01,2026022800,Кубок Грэйта - 2026 (Москва),Москва,77666,Ювеналы-1 N+E Соло Ж St,https://compreg.ru/resultsdata/2026/02/2800/77666.php,data/cache/protocols/2026/02/2800/77666.php,no,yes,200,checked_no_match,,,,
2026-06-02T17:10:15,2026-03-01,2026022800,Кубок Грэйта - 2026 (Москва),Москва,77678,Ювеналы-1+2 N+E Соло Ж St,https://compreg.ru/resultsdata/2026/02/2800/77678.php,data/cache/protocols/2026/02/2800/77678.php,no,yes,200,checked_no_match,,,,
2026-06-02T17:10:15,2026-03-01,2026022800,Кубок Грэйта - 2026 (Москва),Москва,77684,Ювеналы-1+2 E+D Соло Ж St,https://compreg.ru/resultsdata/2026/02/2800/77684.php,data/cache/protocols/2026/02/2800/77684.php,no,yes,200,checked_no_match,,,,
2026-06-02T17:10:15,2026-03-01,2026022800,Кубок Грэйта - 2026 (Москва),Москва,77748,EADC Ювеналы-1 Соло Ж St,https://compreg.ru/resultsdata/2026/02/2800/77748.php,data/cache/protocols/2026/02/2800/77748.php,no,yes,200,checked_no_match,,,,
2026-06-02T17:10:15,2026-03-01,2026022800,Кубок Грэйта - 2026 (Москва),Москва,77661,Ювеналы-1 N Соло Ж La,https://compreg.ru/resultsdata/2026/02/2800/77661.php,data/cache/protocols/2026/02/2800/77661.php,no,yes,200,checked_no_match,,,,
2026-06-02T17:10:15,2026-03-01,2026022800,Кубок Грэйта - 2026 (Москва),Москва,77665,Ювеналы-1+2 N Соло Ж La,https://compreg.ru/resultsdata/2026/02/2800/77665.php,data/cache/protocols/2026/02/2800/77665.php,no,yes,200,checked_no_match,,,,
2026-06-02T17:10:15,2026-03-01,2026022800,Кубок Грэйта - 2026 (Москва),Москва,77669,Ювеналы-1 N+E Соло Ж La,https://compreg.ru/resultsdata/2026/02/2800/77669.php,data/cache/protocols/2026/02/2800/77669.php,no,yes,200,checked_no_match,,,,
2026-06-02T17:10:16,2026-03-01,2026022800,Кубок Грэйта - 2026 (Москва),Москва,77681,Ювеналы-1+2 N+E Соло Ж La,https://compreg.ru/resultsdata/2026/02/2800/77681.php,data/cache/protocols/2026/02/2800/77681.php,no,yes,200,checked_no_match,,,,
2026-06-02T17:10:16,2026-03-01,2026022800,Кубок Грэйта - 2026 (Москва),Москва,77687,Ювеналы-1+2 E+D Соло Ж La,https://compreg.ru/resultsdata/2026/02/2800/77687.php,data/cache/protocols/2026/02/2800/77687.php,no,yes,200,checked_no_match,,,,
2026-06-02T17:10:16,2026-03-01,2026022800,Кубок Грэйта - 2026 (Москва),Москва,77749,EADC Ювеналы-1 Соло Ж La,https://compreg.ru/resultsdata/2026/02/2800/77749.php,data/cache/protocols/2026/02/2800/77749.php,no,yes,200,checked_no_match,,,,
2026-06-02T16:21:13,2026-03-22,2026032200,Список категорий фестиваля | Звездный Кубок 2026 (Москва) | 22.03.26,Москва,78319,Ювеналы-1+2 N Соло Ж St,https://compreg.ru/resultsdata/2026/03/2200/78319.php,data/cache/protocols/2026/03/2200/78319.php,yes,no,,checked_no_match,,,,
2026-06-02T16:21:13,2026-03-22,2026032200,Список категорий фестиваля | Звездный Кубок 2026 (Москва) | 22.03.26,Москва,78321,Ювеналы-1+2 N+E Соло Ж St,https://compreg.ru/resultsdata/2026/03/2200/78321.php,data/cache/protocols/2026/03/2200/78321.php,yes,no,,checked_no_match,,,,
2026-06-02T17:10:16,2026-03-22,2026032200,Звездный Кубок 2026 (Москва),Москва,78331,Ювеналы-1+2 E+D Соло Ж St,https://compreg.ru/resultsdata/2026/03/2200/78331.php,data/cache/protocols/2026/03/2200/78331.php,no,yes,200,checked_no_match,,,,
2026-06-02T17:10:16,2026-03-22,2026032200,Звездный Кубок 2026 (Москва),Москва,78350,Ювеналы-1+2 N Соло Ж La,https://compreg.ru/resultsdata/2026/03/2200/78350.php,data/cache/protocols/2026/03/2200/78350.php,no,yes,200,checked_no_match,,,,
2026-06-02T17:10:16,2026-03-22,2026032200,Звездный Кубок 2026 (Москва),Москва,78351,Ювеналы-1+2 N+E Соло Ж La,https://compreg.ru/resultsdata/2026/03/2200/78351.php,data/cache/protocols/2026/03/2200/78351.php,no,yes,200,checked_no_match,,,,
2026-06-02T17:10:16,2026-03-22,2026032200,Звездный Кубок 2026 (Москва),Москва,78354,Ювеналы-1+2 E+D Соло Ж La,https://compreg.ru/resultsdata/2026/03/2200/78354.php,data/cache/protocols/2026/03/2200/78354.php,no,yes,200,checked_no_match,,,,
2026-06-02T16:21:13,2026-03-29,2026032902,Список категорий фестиваля | Танцевальная Феерия-2026 (Москва) | 29.03.26,Москва,78430,Ювеналы-1 N Соло Ж St,https://compreg.ru/resultsdata/2026/03/2902/78430.php,data/cache/protocols/2026/03/2902/78430.php,yes,no,,checked_no_match,,,,
2026-06-02T16:21:13,2026-03-29,2026032902,Список категорий фестиваля | Танцевальная Феерия-2026 (Москва) | 29.03.26,Москва,78434,Ювеналы-1+2 N Соло Ж St,https://compreg.ru/resultsdata/2026/03/2902/78434.php,data/cache/protocols/2026/03/2902/78434.php,yes,no,,checked_no_match,,,,
2026-06-02T17:10:16,2026-03-29,2026032902,Танцевальная Феерия-2026 (Москва),Москва,78436,Ювеналы-1 N+E Соло Ж St,https://compreg.ru/resultsdata/2026/03/2902/78436.php,data/cache/protocols/2026/03/2902/78436.php,no,yes,200,checked_no_match,,,,
2026-06-02T17:10:17,2026-03-29,2026032902,Танцевальная Феерия-2026 (Москва),Москва,78448,Ювеналы-1+2 N+E Соло Ж St,https://compreg.ru/resultsdata/2026/03/2902/78448.php,data/cache/protocols/2026/03/2902/78448.php,no,yes,200,checked_no_match,,,,
2026-06-02T17:10:17,2026-03-29,2026032902,Танцевальная Феерия-2026 (Москва),Москва,78454,Ювеналы-1+2 E+D Соло Ж St,https://compreg.ru/resultsdata/2026/03/2902/78454.php,data/cache/protocols/2026/03/2902/78454.php,no,yes,200,checked_no_match,,,,
2026-06-02T17:10:17,2026-03-29,2026032902,Танцевальная Феерия-2026 (Москва),Москва,78431,Ювеналы-1 N Соло Ж La,https://compreg.ru/resultsdata/2026/03/2902/78431.php,data/cache/protocols/2026/03/2902/78431.php,no,yes,200,checked_no_match,,,,
2026-06-02T17:10:17,2026-03-29,2026032902,Танцевальная Феерия-2026 (Москва),Москва,78435,Ювеналы-1+2 N Соло Ж La,https://compreg.ru/resultsdata/2026/03/2902/78435.php,data/cache/protocols/2026/03/2902/78435.php,no,yes,200,checked_no_match,,,,
2026-06-02T17:10:17,2026-03-29,2026032902,Танцевальная Феерия-2026 (Москва),Москва,78439,Ювеналы-1 N+E Соло Ж La,https://compreg.ru/resultsdata/2026/03/2902/78439.php,data/cache/protocols/2026/03/2902/78439.php,no,yes,200,checked_no_match,,,,
2026-06-02T17:10:17,2026-03-29,2026032902,Танцевальная Феерия-2026 (Москва),Москва,78451,Ювеналы-1+2 N+E Соло Ж La,https://compreg.ru/resultsdata/2026/03/2902/78451.php,data/cache/protocols/2026/03/2902/78451.php,no,yes,200,checked_no_match,,,,
2026-06-02T17:10:17,2026-03-29,2026032902,Танцевальная Феерия-2026 (Москва),Москва,78457,Ювеналы-1+2 E+D Соло Ж La,https://compreg.ru/resultsdata/2026/03/2902/78457.php,data/cache/protocols/2026/03/2902/78457.php,no,yes,200,checked_no_match,,,,
2026-06-02T16:21:14,2026-04-05,2026040500,Список категорий фестиваля | Краски Весны (Москва) | 05.04.26,Москва,78811,Ювеналы-1 N соло Ж St,https://compreg.ru/resultsdata/2026/04/0500/78811.php,data/cache/protocols/2026/04/0500/78811.php,yes,no,,checked_no_match,,,,
2026-06-02T17:10:17,2026-04-05,2026040500,Краски Весны (Москва),Москва,78813,Ювеналы-1+2 N+E соло Ж St,https://compreg.ru/resultsdata/2026/04/0500/78813.php,data/cache/protocols/2026/04/0500/78813.php,no,yes,200,checked_no_match,,,,
2026-06-02T17:10:17,2026-04-05,2026040500,Краски Весны (Москва),Москва,78816,Ювеналы-1+2 E+D соло Ж St,https://compreg.ru/resultsdata/2026/04/0500/78816.php,data/cache/protocols/2026/04/0500/78816.php,no,yes,200,checked_no_match,,,,
2026-06-02T17:10:18,2026-04-05,2026040500,Краски Весны (Москва),Москва,78821,Ювеналы-1 N соло Ж La,https://compreg.ru/resultsdata/2026/04/0500/78821.php,data/cache/protocols/2026/04/0500/78821.php,no,yes,200,checked_no_match,,,,
2026-06-02T17:10:18,2026-04-05,2026040500,Краски Весны (Москва),Москва,78823,Ювеналы-1+2 N+E соло Ж La,https://compreg.ru/resultsdata/2026/04/0500/78823.php,data/cache/protocols/2026/04/0500/78823.php,no,yes,200,checked_no_match,,,,
2026-06-02T17:10:18,2026-04-05,2026040500,Краски Весны (Москва),Москва,78826,Ювеналы-1+2 E+D соло Ж La,https://compreg.ru/resultsdata/2026/04/0500/78826.php,data/cache/protocols/2026/04/0500/78826.php,no,yes,200,checked_no_match,,,,
2026-06-02T16:21:14,2026-04-11,2026041100,Список категорий фестиваля | Московский Бит-2026 (Москва) | 11.04.26,Москва,78922,Ювеналы-1 N Соло Ж St,https://compreg.ru/resultsdata/2026/04/1100/78922.php,data/cache/protocols/2026/04/1100/78922.php,yes,no,,checked_no_match,,,,
2026-06-02T16:21:14,2026-04-11,2026041100,Список категорий фестиваля | Московский Бит-2026 (Москва) | 11.04.26,Москва,78926,Ювеналы-1+2 N Соло Ж St,https://compreg.ru/resultsdata/2026/04/1100/78926.php,data/cache/protocols/2026/04/1100/78926.php,yes,no,,checked_no_match,,,,
2026-06-02T17:10:18,2026-04-12,2026041100,Московский Бит-2026 (Москва),Москва,78928,Ювеналы-1 N+E Соло Ж St,https://compreg.ru/resultsdata/2026/04/1100/78928.php,data/cache/protocols/2026/04/1100/78928.php,no,yes,200,checked_no_match,,,,
2026-06-02T17:10:18,2026-04-12,2026041100,Московский Бит-2026 (Москва),Москва,78940,Ювеналы-1+2 N+E Соло Ж St,https://compreg.ru/resultsdata/2026/04/1100/78940.php,data/cache/protocols/2026/04/1100/78940.php,no,yes,200,checked_no_match,,,,
2026-06-02T17:10:18,2026-04-12,2026041100,Московский Бит-2026 (Москва),Москва,78946,Ювеналы-1+2 E+D Соло Ж St,https://compreg.ru/resultsdata/2026/04/1100/78946.php,data/cache/protocols/2026/04/1100/78946.php,no,yes,200,checked_no_match,,,,
2026-06-02T17:10:18,2026-04-12,2026041100,Московский Бит-2026 (Москва),Москва,78923,Ювеналы-1 N Соло Ж La,https://compreg.ru/resultsdata/2026/04/1100/78923.php,data/cache/protocols/2026/04/1100/78923.php,no,yes,200,checked_no_match,,,,
2026-06-02T17:10:19,2026-04-12,2026041100,Московский Бит-2026 (Москва),Москва,78927,Ювеналы-1+2 N Соло Ж La,https://compreg.ru/resultsdata/2026/04/1100/78927.php,data/cache/protocols/2026/04/1100/78927.php,no,yes,200,checked_no_match,,,,
2026-06-02T17:10:19,2026-04-12,2026041100,Московский Бит-2026 (Москва),Москва,78931,Ювеналы-1 N+E Соло Ж La,https://compreg.ru/resultsdata/2026/04/1100/78931.php,data/cache/protocols/2026/04/1100/78931.php,no,yes,200,checked_no_match,,,,
2026-06-02T17:10:19,2026-04-12,2026041100,Московский Бит-2026 (Москва),Москва,78943,Ювеналы-1+2 N+E Соло Ж La,https://compreg.ru/resultsdata/2026/04/1100/78943.php,data/cache/protocols/2026/04/1100/78943.php,no,yes,200,checked_no_match,,,,
2026-06-02T17:10:19,2026-04-12,2026041100,Московский Бит-2026 (Москва),Москва,78949,Ювеналы-1+2 E+D Соло Ж La,https://compreg.ru/resultsdata/2026/04/1100/78949.php,data/cache/protocols/2026/04/1100/78949.php,no,yes,200,checked_no_match,,,,
2026-06-02T16:21:14,2026-04-18,2026041800,Список категорий фестиваля | Во имя добра 2026. Благотворительный турнир МТФ (Москва) | 18.04.26,Москва,79066,Ювеналы-1 N Соло Ж St,https://compreg.ru/resultsdata/2026/04/1800/79066.php,data/cache/protocols/2026/04/1800/79066.php,yes,no,,checked_no_match,,,,
2026-06-02T16:21:14,2026-04-18,2026041800,Список категорий фестиваля | Во имя добра 2026. Благотворительный турнир МТФ (Москва) | 18.04.26,Москва,79068,Ювеналы-1+2 N Соло Ж St,https://compreg.ru/resultsdata/2026/04/1800/79068.php,data/cache/protocols/2026/04/1800/79068.php,yes,no,,checked_no_match,,,,
2026-06-02T17:10:19,2026-04-18,2026041800,Во имя добра 2026. Благотворительный турнир МТФ (Москва),Москва,79069,Ювеналы-1 N+E Соло Ж St,https://compreg.ru/resultsdata/2026/04/1800/79069.php,data/cache/protocols/2026/04/1800/79069.php,no,yes,200,checked_no_match,,,,
2026-06-02T17:10:19,2026-04-18,2026041800,Во имя добра 2026. Благотворительный турнир МТФ (Москва),Москва,79075,Ювеналы-1+2 E Соло Ж St,https://compreg.ru/resultsdata/2026/04/1800/79075.php,data/cache/protocols/2026/04/1800/79075.php,no,yes,200,checked_no_match,,,,
2026-06-02T17:10:19,2026-04-18,2026041800,Во имя добра 2026. Благотворительный турнир МТФ (Москва),Москва,79076,Ювеналы-1+2 E+D Соло Ж St,https://compreg.ru/resultsdata/2026/04/1800/79076.php,data/cache/protocols/2026/04/1800/79076.php,no,yes,200,checked_no_match,,,,
2026-06-02T17:10:20,2026-04-18,2026041800,Во имя добра 2026. Благотворительный турнир МТФ (Москва),Москва,79082,Ювеналы-1 N Соло Ж La,https://compreg.ru/resultsdata/2026/04/1800/79082.php,data/cache/protocols/2026/04/1800/79082.php,no,yes,200,checked_no_match,,,,
2026-06-02T17:10:20,2026-04-18,2026041800,Во имя добра 2026. Благотворительный турнир МТФ (Москва),Москва,79084,Ювеналы-1+2 N Соло Ж La,https://compreg.ru/resultsdata/2026/04/1800/79084.php,data/cache/protocols/2026/04/1800/79084.php,no,yes,200,checked_no_match,,,,
2026-06-02T17:10:20,2026-04-18,2026041800,Во имя добра 2026. Благотворительный турнир МТФ (Москва),Москва,79085,Ювеналы-1 N+E Соло Ж La,https://compreg.ru/resultsdata/2026/04/1800/79085.php,data/cache/protocols/2026/04/1800/79085.php,no,yes,200,checked_no_match,,,,
2026-06-02T17:10:20,2026-04-18,2026041800,Во имя добра 2026. Благотворительный турнир МТФ (Москва),Москва,79091,Ювеналы-1+2 E Соло Ж La,https://compreg.ru/resultsdata/2026/04/1800/79091.php,data/cache/protocols/2026/04/1800/79091.php,no,yes,200,checked_no_match,,,,
2026-06-02T17:10:20,2026-04-18,2026041800,Во имя добра 2026. Благотворительный турнир МТФ (Москва),Москва,79092,Ювеналы-1+2 E+D Соло Ж La,https://compreg.ru/resultsdata/2026/04/1800/79092.php,data/cache/protocols/2026/04/1800/79092.php,no,yes,200,checked_no_match,,,,
2026-06-02T16:21:14,2026-04-25,2026042500,Список категорий фестиваля | Кубок ОФСТ (Москва) | 25.04.26,Москва,79428,Ювеналы-1 N Соло Ж St,https://compreg.ru/resultsdata/2026/04/2500/79428.php,data/cache/protocols/2026/04/2500/79428.php,yes,no,,checked_no_match,,,,
2026-06-02T17:10:20,2026-04-26,2026042500,Кубок ОФСТ (Москва),Москва,79432,Ювеналы-1 N+E Соло Ж St,https://compreg.ru/resultsdata/2026/04/2500/79432.php,data/cache/protocols/2026/04/2500/79432.php,no,yes,200,checked_no_match,,,,
2026-06-02T17:10:20,2026-04-26,2026042500,Кубок ОФСТ (Москва),Москва,79452,Ювеналы-1+2 E+D Соло Ж St,https://compreg.ru/resultsdata/2026/04/2500/79452.php,data/cache/protocols/2026/04/2500/79452.php,no,yes,200,checked_no_match,,,,
2026-06-02T17:10:20,2026-04-26,2026042500,Кубок ОФСТ (Москва),Москва,79470,EADC Ювеналы-1 Соло Ж St,https://compreg.ru/resultsdata/2026/04/2500/79470.php,data/cache/protocols/2026/04/2500/79470.php,no,yes,200,checked_no_match,,,,
2026-06-02T17:10:21,2026-04-26,2026042500,Кубок ОФСТ (Москва),Москва,79429,Ювеналы-1 N Соло Ж La,https://compreg.ru/resultsdata/2026/04/2500/79429.php,data/cache/protocols/2026/04/2500/79429.php,no,yes,200,checked_no_match,,,,
2026-06-02T17:10:21,2026-04-26,2026042500,Кубок ОФСТ (Москва),Москва,79435,Ювеналы-1 N+E Соло Ж La,https://compreg.ru/resultsdata/2026/04/2500/79435.php,data/cache/protocols/2026/04/2500/79435.php,no,yes,200,checked_no_match,,,,
2026-06-02T17:10:21,2026-04-26,2026042500,Кубок ОФСТ (Москва),Москва,79455,Ювеналы-1+2 E+D Соло Ж La,https://compreg.ru/resultsdata/2026/04/2500/79455.php,data/cache/protocols/2026/04/2500/79455.php,no,yes,200,checked_no_match,,,,
2026-06-02T17:10:21,2026-04-26,2026042500,Кубок ОФСТ (Москва),Москва,79471,EADC Ювеналы-1 Соло Ж La,https://compreg.ru/resultsdata/2026/04/2500/79471.php,data/cache/protocols/2026/04/2500/79471.php,no,yes,200,checked_no_match,,,,
2026-06-02T16:21:14,2026-05-16,2026051602,Список категорий фестиваля | Открытое Первенство ОФСТ (Москва) | 17.05.26,Москва,79991,Ювеналы-1 N Соло Ж St,https://compreg.ru/resultsdata/2026/05/1602/79991.php,data/cache/protocols/2026/05/1602/79991.php,yes,no,,checked_no_match,,,,
2026-06-02T16:21:14,2026-05-16,2026051602,Список категорий фестиваля | Открытое Первенство ОФСТ (Москва) | 17.05.26,Москва,79995,Ювеналы-1+2 N Соло Ж St,https://compreg.ru/resultsdata/2026/05/1602/79995.php,data/cache/protocols/2026/05/1602/79995.php,yes,no,,checked_no_match,,,,
2026-06-02T17:10:21,2026-05-16,2026051602,Открытое Первенство ОФСТ (Москва),Москва,79999,Ювеналы-1 N+E Соло Ж St,https://compreg.ru/resultsdata/2026/05/1602/79999.php,data/cache/protocols/2026/05/1602/79999.php,no,yes,200,checked_no_match,,,,
2026-06-02T17:10:21,2026-05-16,2026051602,Открытое Первенство ОФСТ (Москва),Москва,80011,Ювеналы-1+2 N+E Соло Ж St,https://compreg.ru/resultsdata/2026/05/1602/80011.php,data/cache/protocols/2026/05/1602/80011.php,no,yes,200,checked_no_match,,,,
2026-06-02T17:10:21,2026-05-16,2026051602,Открытое Первенство ОФСТ (Москва),Москва,80035,Ювеналы-1+2 E+D Соло Ж St,https://compreg.ru/resultsdata/2026/05/1602/80035.php,data/cache/protocols/2026/05/1602/80035.php,no,yes,200,checked_no_match,,,,
2026-06-02T17:10:21,2026-05-16,2026051602,Открытое Первенство ОФСТ (Москва),Москва,80090,EADC Ювеналы-1 Соло Ж St,https://compreg.ru/resultsdata/2026/05/1602/80090.php,data/cache/protocols/2026/05/1602/80090.php,no,yes,200,checked_no_match,,,,
2026-06-02T17:10:21,2026-05-16,2026051602,Открытое Первенство ОФСТ (Москва),Москва,79992,Ювеналы-1 N Соло Ж La,https://compreg.ru/resultsdata/2026/05/1602/79992.php,data/cache/protocols/2026/05/1602/79992.php,no,yes,200,checked_no_match,,,,
2026-06-02T17:10:22,2026-05-16,2026051602,Открытое Первенство ОФСТ (Москва),Москва,79996,Ювеналы-1+2 N Соло Ж La,https://compreg.ru/resultsdata/2026/05/1602/79996.php,data/cache/protocols/2026/05/1602/79996.php,no,yes,200,checked_no_match,,,,
2026-06-02T17:10:22,2026-05-16,2026051602,Открытое Первенство ОФСТ (Москва),Москва,80002,Ювеналы-1 N+E Соло Ж La,https://compreg.ru/resultsdata/2026/05/1602/80002.php,data/cache/protocols/2026/05/1602/80002.php,no,yes,200,checked_no_match,,,,
2026-06-02T17:10:22,2026-05-16,2026051602,Открытое Первенство ОФСТ (Москва),Москва,80014,Ювеналы-1+2 N+E Соло Ж La,https://compreg.ru/resultsdata/2026/05/1602/80014.php,data/cache/protocols/2026/05/1602/80014.php,no,yes,200,checked_no_match,,,,
2026-06-02T17:10:22,2026-05-16,2026051602,Открытое Первенство ОФСТ (Москва),Москва,80038,Ювеналы-1+2 E+D Соло Ж La,https://compreg.ru/resultsdata/2026/05/1602/80038.php,data/cache/protocols/2026/05/1602/80038.php,no,yes,200,checked_no_match,,,,
2026-06-02T17:10:22,2026-05-16,2026051602,Открытое Первенство ОФСТ (Москва),Москва,80091,EADC Ювеналы-1 Соло Ж La,https://compreg.ru/resultsdata/2026/05/1602/80091.php,data/cache/protocols/2026/05/1602/80091.php,no,yes,200,checked_no_match,,,,
2026-06-02T16:21:14,2026-05-17,2026051700,Список категорий фестиваля | Краски Лета (Москва) | 17.05.26,Москва,80102,Ювеналы-1+2 N соло Ж St,https://compreg.ru/resultsdata/2026/05/1700/80102.php,data/cache/protocols/2026/05/1700/80102.php,yes,no,,checked_no_match,,,,
2026-06-02T16:21:14,2026-05-17,2026051700,Список категорий фестиваля | Краски Лета (Москва) | 17.05.26,Москва,80103,Ювеналы-1+2 N+E соло Ж St,https://compreg.ru/resultsdata/2026/05/1700/80103.php,data/cache/protocols/2026/05/1700/80103.php,yes,no,,checked_no_match,,,,
2026-06-02T17:10:22,2026-05-17,2026051700,Краски Лета (Москва),Москва,80116,Ювеналы-1+2 N соло Ж La,https://compreg.ru/resultsdata/2026/05/1700/80116.php,data/cache/protocols/2026/05/1700/80116.php,no,yes,200,checked_no_match,,,,
2026-06-02T17:10:22,2026-05-17,2026051700,Краски Лета (Москва),Москва,80117,Ювеналы-1+2 N+E соло Ж La,https://compreg.ru/resultsdata/2026/05/1700/80117.php,data/cache/protocols/2026/05/1700/80117.php,no,yes,200,checked_no_match,,,,
2026-06-02T17:10:22,2026-05-17,2026051700,Краски Лета (Москва),Москва,80120,Ювеналы-1+2 E+D соло Ж La,https://compreg.ru/resultsdata/2026/05/1700/80120.php,data/cache/protocols/2026/05/1700/80120.php,no,yes,200,checked_no_match,,,,
2026-06-02T16:21:14,2026-05-24,2026052400,Список категорий фестиваля | РИТМЫ КАРНАВАЛА 2026 (Москва) | 24.05.26,Москва,80355,Ювеналы-1 N Соло Ж St,https://compreg.ru/resultsdata/2026/05/2400/80355.php,data/cache/protocols/2026/05/2400/80355.php,yes,no,,checked_no_match,,,,
2026-06-02T16:21:14,2026-05-24,2026052400,Список категорий фестиваля | РИТМЫ КАРНАВАЛА 2026 (Москва) | 24.05.26,Москва,80359,Ювеналы-1+2 N Соло Ж St,https://compreg.ru/resultsdata/2026/05/2400/80359.php,data/cache/protocols/2026/05/2400/80359.php,yes,no,,checked_no_match,,,,
2026-06-02T17:10:23,2026-05-24,2026052400,РИТМЫ КАРНАВАЛА 2026 (Москва),Москва,80361,Ювеналы-1 N+E Соло Ж St,https://compreg.ru/resultsdata/2026/05/2400/80361.php,data/cache/protocols/2026/05/2400/80361.php,no,yes,200,checked_no_match,,,,
2026-06-02T17:10:23,2026-05-24,2026052400,РИТМЫ КАРНАВАЛА 2026 (Москва),Москва,80373,Ювеналы-1+2 N+E Соло Ж St,https://compreg.ru/resultsdata/2026/05/2400/80373.php,data/cache/protocols/2026/05/2400/80373.php,no,yes,200,checked_no_match,,,,
2026-06-02T17:10:23,2026-05-24,2026052400,РИТМЫ КАРНАВАЛА 2026 (Москва),Москва,80379,Ювеналы-1+2 E+D Соло Ж St,https://compreg.ru/resultsdata/2026/05/2400/80379.php,data/cache/protocols/2026/05/2400/80379.php,no,yes,200,checked_no_match,,,,
2026-06-02T17:10:23,2026-05-24,2026052400,РИТМЫ КАРНАВАЛА 2026 (Москва),Москва,80356,Ювеналы-1 N Соло Ж La,https://compreg.ru/resultsdata/2026/05/2400/80356.php,data/cache/protocols/2026/05/2400/80356.php,no,yes,200,checked_no_match,,,,
2026-06-02T17:10:23,2026-05-24,2026052400,РИТМЫ КАРНАВАЛА 2026 (Москва),Москва,80360,Ювеналы-1+2 N Соло Ж La,https://compreg.ru/resultsdata/2026/05/2400/80360.php,data/cache/protocols/2026/05/2400/80360.php,no,yes,200,checked_no_match,,,,
2026-06-02T17:10:23,2026-05-24,2026052400,РИТМЫ КАРНАВАЛА 2026 (Москва),Москва,80364,Ювеналы-1 N+E Соло Ж La,https://compreg.ru/resultsdata/2026/05/2400/80364.php,data/cache/protocols/2026/05/2400/80364.php,no,yes,200,checked_no_match,,,,
2026-06-02T17:10:23,2026-05-24,2026052400,РИТМЫ КАРНАВАЛА 2026 (Москва),Москва,80376,Ювеналы-1+2 N+E Соло Ж La,https://compreg.ru/resultsdata/2026/05/2400/80376.php,data/cache/protocols/2026/05/2400/80376.php,no,yes,200,checked_no_match,,,,
2026-06-02T17:10:23,2026-05-24,2026052400,РИТМЫ КАРНАВАЛА 2026 (Москва),Москва,80382,Ювеналы-1+2 E+D Соло Ж La,https://compreg.ru/resultsdata/2026/05/2400/80382.php,data/cache/protocols/2026/05/2400/80382.php,no,yes,200,checked_no_match,,,,
